index,AphiaID,Kingdom,Phylum,Class,Subclass,Order,Family,Genus
Madrepora oculata,135209,Animalia,Cnidaria,Anthozoa,Hexacorallia,Scleractinia,Oculinidae,Madrepora
Stenocyathus vermiformis,135208,Animalia,Cnidaria,Anthozoa,Hexacorallia,Scleractinia,Stenocyathidae,Stenocyathus
Stichopathes pourtalesi,283975,Animalia,Cnidaria,Anthozoa,Hexacorallia,Antipatharia,Antipathidae,Stichopathes
Stichopathes lutkeni,283970,Animalia,Cnidaria,Anthozoa,Hexacorallia,Antipatharia,Antipathidae,Stichopathes
Stichopathes filiformis,283966,Animalia,Cnidaria,Anthozoa,Hexacorallia,Antipatharia,Antipathidae,Stichopathes
Stichopathes variabilis,283984,Animalia,Cnidaria,Anthozoa,Hexacorallia,Antipatharia,Antipathidae,Stichopathes
Stichopathes spiessi,283982,Animalia,Cnidaria,Anthozoa,Hexacorallia,Antipatharia,Antipathidae,Stichopathes
Stichopathes echinulata,283964,Animalia,Cnidaria,Anthozoa,Hexacorallia,Antipatharia,Antipathidae,Stichopathes
Stichopathes euoplos,103332,Animalia,Cnidaria,Anthozoa,Hexacorallia,Antipatharia,Antipathidae,Stichopathes
Stichopathes paucispina,283974,Animalia,Cnidaria,Anthozoa,Hexacorallia,Antipatharia,Antipathidae,Stichopathes
Stichopathes gracilis,103334,Animalia,Cnidaria,Anthozoa,Hexacorallia,Antipatharia,Antipathidae,Stichopathes
Stichopathes setacea,283979,Animalia,Cnidaria,Anthozoa,Hexacorallia,Antipatharia,Antipathidae,Stichopathes
Stichopathes occidentalis,283972,Animalia,Cnidaria,Anthozoa,Hexacorallia,Antipatharia,Antipathidae,Stichopathes
Porifera,558,Animalia,Porifera,,,,,
Gorgonacea,1366,Animalia,Cnidaria,Anthozoa,Octocorallia,Gorgonacea,,
Stylasteridae,22805,Animalia,Cnidaria,Hydrozoa,Hydroidolina,Anthoathecata,Filifera,Stylasteridae
Polymyces fragilis,290837,Animalia,Cnidaria,Anthozoa,Hexacorallia,Scleractinia,Flabellidae,Polymyces
Pennatulacea,1367,Animalia,Cnidaria,Anthozoa,Octocorallia,Pennatulacea,,
Cladocora debilis,135147,Animalia,Cnidaria,Anthozoa,Hexacorallia,Scleractinia,Scleractinia incertae sedis,Cladocora
Madracis myriaster,287111,Animalia,Cnidaria,Anthozoa,Hexacorallia,Scleractinia,Pocilloporidae,Madracis
Scleractinia,1363,Animalia,Cnidaria,Anthozoa,Hexacorallia,Scleractinia,,
Vaughanella margaritata,286898,Animalia,Cnidaria,Anthozoa,Hexacorallia,Scleractinia,Caryophylliidae,Vaughanella
Javania antarctica,173056,Animalia,Cnidaria,Anthozoa,Hexacorallia,Scleractinia,Flabellidae,Javania
Javania borealis,287032,Animalia,Cnidaria,Anthozoa,Hexacorallia,Scleractinia,Flabellidae,Javania
Javania cailleti,135198,Animalia,Cnidaria,Anthozoa,Hexacorallia,Scleractinia,Flabellidae,Javania
Dasmosmilia variegata,135153,Animalia,Cnidaria,Anthozoa,Hexacorallia,Scleractinia,Caryophylliidae,Dasmosmilia
Javania californica,287033,Animalia,Cnidaria,Anthozoa,Hexacorallia,Scleractinia,Flabellidae,Javania
Javania lamprotichum,287037,Animalia,Cnidaria,Anthozoa,Hexacorallia,Scleractinia,Flabellidae,Javania
Javania exserta,287034,Animalia,Cnidaria,Anthozoa,Hexacorallia,Scleractinia,Flabellidae,Javania
Pourtalocyathus hispidus,290848,Animalia,Cnidaria,Anthozoa,Hexacorallia,Scleractinia,Schizocyathidae,Pourtalocyathus
Gardineria hawaiiensis,287443,Animalia,Cnidaria,Anthozoa,Hexacorallia,Scleractinia,Gardineriidae,Gardineria
Polymyces montereyensis,290838,Animalia,Cnidaria,Anthozoa,Hexacorallia,Scleractinia,Flabellidae,Polymyces
Enallopsammia rostrata,135190,Animalia,Cnidaria,Anthozoa,Hexacorallia,Scleractinia,Dendrophylliidae,Enallopsammia
Crispatotrochus squiresi,289745,Animalia,Cnidaria,Anthozoa,Hexacorallia,Scleractinia,Caryophylliidae,Crispatotrochus
Paracyathus molokensis,286823,Animalia,Cnidaria,Anthozoa,Hexacorallia,Scleractinia,Caryophylliidae,Paracyathus
Premocyathus cornuformis,135167,Animalia,Cnidaria,Anthozoa,Hexacorallia,Scleractinia,Caryophylliidae,Premocyathus
Madracis kauaiensis,208944,Animalia,Cnidaria,Anthozoa,Hexacorallia,Scleractinia,Pocilloporidae,Madracis
Eguchipsammia serpentina,286985,Animalia,Cnidaria,Anthozoa,Hexacorallia,Scleractinia,Dendrophylliidae,Eguchipsammia
Peponocyathus folliculus,135216,Animalia,Cnidaria,Anthozoa,Hexacorallia,Scleractinia,Turbinoliidae,Peponocyathus
Labyrinthocyathus quaylei,290268,Animalia,Cnidaria,Anthozoa,Hexacorallia,Scleractinia,Caryophylliidae,Labyrinthocyathus
Oculina tenella,287100,Animalia,Cnidaria,Anthozoa,Hexacorallia,Scleractinia,Oculinidae,Oculina
Solenosmilia variabilis,135168,Animalia,Cnidaria,Anthozoa,Hexacorallia,Scleractinia,Caryophylliidae,Solenosmilia
Eguchipsammia fistula,286983,Animalia,Cnidaria,Anthozoa,Hexacorallia,Scleractinia,Dendrophylliidae,Eguchipsammia
Astrangia rathbuni,287124,Animalia,Cnidaria,Anthozoa,Hexacorallia,Scleractinia,Rhizangiidae,Astrangia
Enallopsammia profunda,157965,Animalia,Cnidaria,Anthozoa,Hexacorallia,Scleractinia,Dendrophylliidae,Enallopsammia
Astrangia poculata,157967,Animalia,Cnidaria,Anthozoa,Hexacorallia,Scleractinia,Rhizangiidae,Astrangia
Caryophylliidae,135073,Animalia,Cnidaria,Anthozoa,Hexacorallia,Scleractinia,Caryophylliidae,
Truncatoflabellum truncum,287068,Animalia,Cnidaria,Anthozoa,Hexacorallia,Scleractinia,Flabellidae,Truncatoflabellum
Tubastraea micranthus,291255,Animalia,Cnidaria,Anthozoa,Hexacorallia,Scleractinia,Dendrophylliidae,Tubastraea
Turbinaria peltata,207512,Animalia,Cnidaria,Anthozoa,Hexacorallia,Scleractinia,Dendrophylliidae,Turbinaria
Vaughanella concinna,135177,Animalia,Cnidaria,Anthozoa,Hexacorallia,Scleractinia,Caryophylliidae,Vaughanella
Vaughanella oreophila,286900,Animalia,Cnidaria,Anthozoa,Hexacorallia,Scleractinia,Caryophylliidae,Vaughanella
Vaughanella multipalifera,286899,Animalia,Cnidaria,Anthozoa,Hexacorallia,Scleractinia,Caryophylliidae,Vaughanella
Deltocyathus corrugatus,286793,Animalia,Cnidaria,Anthozoa,Hexacorallia,Scleractinia,Deltocyathidae,Deltocyathus
Eguchipsammia japonica,286984,Animalia,Cnidaria,Anthozoa,Hexacorallia,Scleractinia,Dendrophylliidae,Eguchipsammia
Eguchipsammia gaditana,135189,Animalia,Cnidaria,Anthozoa,Hexacorallia,Scleractinia,Dendrophylliidae,Eguchipsammia
Endopachys grayi,289891,Animalia,Cnidaria,Anthozoa,Hexacorallia,Scleractinia,Dendrophylliidae,Endopachys
Dendrophylliidae,135074,Animalia,Cnidaria,Anthozoa,Hexacorallia,Scleractinia,Dendrophylliidae,
Madrepora porcellana,287095,Animalia,Cnidaria,Anthozoa,Hexacorallia,Scleractinia,Oculinidae,Madrepora
Deltocyathus crassiseptum,286794,Animalia,Cnidaria,Anthozoa,Hexacorallia,Scleractinia,Deltocyathidae,Deltocyathus
Paracyathus stearnsii,286830,Animalia,Cnidaria,Anthozoa,Hexacorallia,Scleractinia,Caryophylliidae,Paracyathus
Dendrophyllia arbuscula,210746,Animalia,Cnidaria,Anthozoa,Hexacorallia,Scleractinia,Dendrophylliidae,Dendrophyllia
Aulocyathus atlanticus,135132,Animalia,Cnidaria,Anthozoa,Hexacorallia,Scleractinia,Caryophylliidae,Aulocyathus
Lochmaeotrochus oculeus,290317,Animalia,Cnidaria,Anthozoa,Hexacorallia,Scleractinia,Caryophylliidae,Lochmaeotrochus
Monohedotrochus capitolii,492269,Animalia,Cnidaria,Anthozoa,Hexacorallia,Scleractinia,Caryophylliidae,Monohedotrochus
Aulocyathus juvenescens,286720,Animalia,Cnidaria,Anthozoa,Hexacorallia,Scleractinia,Caryophylliidae,Aulocyathus
Aulocyathus recidivus,286722,Animalia,Cnidaria,Anthozoa,Hexacorallia,Scleractinia,Caryophylliidae,Aulocyathus
Monohedotrochus circularis,492270,Animalia,Cnidaria,Anthozoa,Hexacorallia,Scleractinia,Caryophylliidae,Monohedotrochus
Monohedotrochus epithecatus,492272,Animalia,Cnidaria,Anthozoa,Hexacorallia,Scleractinia,Caryophylliidae,Monohedotrochus
Javania insignis,287036,Animalia,Cnidaria,Anthozoa,Hexacorallia,Scleractinia,Flabellidae,Javania
Javania cristata,736239,Animalia,Cnidaria,Anthozoa,Hexacorallia,Scleractinia,Flabellidae,Javania
Deltocyathus cameratus,286792,Animalia,Cnidaria,Anthozoa,Hexacorallia,Scleractinia,Deltocyathidae,Deltocyathus
Letepsammia formosissima,290286,Animalia,Cnidaria,Anthozoa,Hexacorallia,Scleractinia,Micrabaciidae,Letepsammia
Deltocyathoides orientalis,287127,Animalia,Cnidaria,Anthozoa,Hexacorallia,Scleractinia,Turbinoliidae,Deltocyathoides
Peponocyathus minimus,287129,Animalia,Cnidaria,Anthozoa,Hexacorallia,Scleractinia,Turbinoliidae,Peponocyathus
Deltocyathus andamanicus,286790,Animalia,Cnidaria,Anthozoa,Hexacorallia,Scleractinia,Deltocyathidae,Deltocyathus
Notophyllia hecki,290501,Animalia,Cnidaria,Anthozoa,Hexacorallia,Scleractinia,Dendrophylliidae,Notophyllia
Notophyllia recta,290503,Animalia,Cnidaria,Anthozoa,Hexacorallia,Scleractinia,Dendrophylliidae,Notophyllia
Pourtalosmilia conferta,286849,Animalia,Cnidaria,Anthozoa,Hexacorallia,Scleractinia,Caryophylliidae,Pourtalosmilia
Labyrinthocyathus langae,290266,Animalia,Cnidaria,Anthozoa,Hexacorallia,Scleractinia,Caryophylliidae,Labyrinthocyathus
Schizocyathus fissilis,135207,Animalia,Cnidaria,Anthozoa,Hexacorallia,Scleractinia,Schizocyathidae,Schizocyathus
Rhizosmilia gerdae,290973,Animalia,Cnidaria,Anthozoa,Hexacorallia,Scleractinia,Caryophylliidae,Rhizosmilia
Oxysmilia corrugata,290563,Animalia,Cnidaria,Anthozoa,Hexacorallia,Scleractinia,Caryophylliidae,Oxysmilia
Paraconotrochus antarcticus,290632,Animalia,Cnidaria,Anthozoa,Hexacorallia,Scleractinia,Caryophylliidae,Paraconotrochus
Oxysmilia rotundifolia,290565,Animalia,Cnidaria,Anthozoa,Hexacorallia,Scleractinia,Caryophylliidae,Oxysmilia
Polycyathus senegalensis,286847,Animalia,Cnidaria,Anthozoa,Hexacorallia,Scleractinia,Caryophylliidae,Polycyathus
Phyllangia pequegnatae,287747,Animalia,Cnidaria,Anthozoa,Hexacorallia,Scleractinia,Caryophylliidae,Phyllangia
Labyrinthocyathus facetus,290265,Animalia,Cnidaria,Anthozoa,Hexacorallia,Scleractinia,Caryophylliidae,Labyrinthocyathus
Paraconotrochus capense,290633,Animalia,Cnidaria,Anthozoa,Hexacorallia,Scleractinia,Caryophylliidae,Paraconotrochus
Paraconotrochus zeidleri,290634,Animalia,Cnidaria,Anthozoa,Hexacorallia,Scleractinia,Caryophylliidae,Paraconotrochus
Javania fusca,287035,Animalia,Cnidaria,Anthozoa,Hexacorallia,Scleractinia,Flabellidae,Javania
Concentrotheca laevigata,135151,Animalia,Cnidaria,Anthozoa,Hexacorallia,Scleractinia,Caryophylliidae,Concentrotheca
Paracyathus pruinosus,286828,Animalia,Cnidaria,Anthozoa,Hexacorallia,Scleractinia,Caryophylliidae,Paracyathus
Labyrinthocyathus limatulus,290267,Animalia,Cnidaria,Anthozoa,Hexacorallia,Scleractinia,Caryophylliidae,Labyrinthocyathus
Heterocyathus aequicostatus,216146,Animalia,Cnidaria,Anthozoa,Hexacorallia,Scleractinia,Caryophylliidae,Heterocyathus
Pourtalopsammia togata,290849,Animalia,Cnidaria,Anthozoa,Hexacorallia,Scleractinia,Dendrophylliidae,Pourtalopsammia
Thalamophyllia gombergi,286867,Animalia,Cnidaria,Anthozoa,Hexacorallia,Scleractinia,Caryophylliidae,Thalamophyllia
Desmophyllum striatum,286811,Animalia,Cnidaria,Anthozoa,Hexacorallia,Scleractinia,Caryophylliidae,Desmophyllum
Deltocyathus pourtalesi,286803,Animalia,Cnidaria,Anthozoa,Hexacorallia,Scleractinia,Deltocyathidae,Deltocyathus
Polymyces wellsi,290839,Animalia,Cnidaria,Anthozoa,Hexacorallia,Scleractinia,Flabellidae,Polymyces
Bathypsammia fallosocialis,289502,Animalia,Cnidaria,Anthozoa,Hexacorallia,Scleractinia,Dendrophylliidae,Bathypsammia
Thecopsammia socialis,291210,Animalia,Cnidaria,Anthozoa,Hexacorallia,Scleractinia,Dendrophylliidae,Thecopsammia
Deltocyathus italicus,135156,Animalia,Cnidaria,Anthozoa,Hexacorallia,Scleractinia,Deltocyathidae,Deltocyathus
Phacelocyathus flos,290728,Animalia,Cnidaria,Anthozoa,Hexacorallia,Scleractinia,Caryophylliidae,Phacelocyathus
Goniocorella dumosa,290021,Animalia,Cnidaria,Anthozoa,Hexacorallia,Scleractinia,Caryophylliidae,Goniocorella
Eguchipsammia strigosa,286986,Animalia,Cnidaria,Anthozoa,Hexacorallia,Scleractinia,Dendrophylliidae,Eguchipsammia
Coenocyathus parvulus,286785,Animalia,Cnidaria,Anthozoa,Hexacorallia,Scleractinia,Caryophylliidae,Coenocyathus
Bathypsammia tintinnabulum,289503,Animalia,Cnidaria,Anthozoa,Hexacorallia,Scleractinia,Dendrophylliidae,Bathypsammia
Heterocyathus alternatus,288862,Animalia,Cnidaria,Anthozoa,Hexacorallia,Scleractinia,Caryophylliidae,Heterocyathus
Leptopenus antarcticus,173390,Animalia,Cnidaria,Anthozoa,Hexacorallia,Scleractinia,Micrabaciidae,Leptopenus
Cryptotrochus carolinensis,289751,Animalia,Cnidaria,Anthozoa,Hexacorallia,Scleractinia,Turbinoliidae,Cryptotrochus
Leptopsammia chevalieri,286989,Animalia,Cnidaria,Anthozoa,Hexacorallia,Scleractinia,Dendrophylliidae,Leptopsammia
Tethocyathus variabilis,135173,Animalia,Cnidaria,Anthozoa,Hexacorallia,Scleractinia,Caryophylliidae,Tethocyathus
Deltocyathus eccentricus,135155,Animalia,Cnidaria,Anthozoa,Hexacorallia,Scleractinia,Deltocyathidae,Deltocyathus
Deltocyathus moseleyi,135157,Animalia,Cnidaria,Anthozoa,Hexacorallia,Scleractinia,Deltocyathidae,Deltocyathus
Phyllangia papuensis,287746,Animalia,Cnidaria,Anthozoa,Hexacorallia,Scleractinia,Caryophylliidae,Phyllangia
Madrepora minutiseptum,287094,Animalia,Cnidaria,Anthozoa,Hexacorallia,Scleractinia,Oculinidae,Madrepora
Madracis brueggemanni,287105,Animalia,Cnidaria,Anthozoa,Hexacorallia,Scleractinia,Pocilloporidae,Madracis
Placotrochides frustum,135201,Animalia,Cnidaria,Anthozoa,Hexacorallia,Scleractinia,Flabellidae,Placotrochides
Madracis pharensis,135212,Animalia,Cnidaria,Anthozoa,Hexacorallia,Scleractinia,Pocilloporidae,Madracis
Madracis asperula,135211,Animalia,Cnidaria,Anthozoa,Hexacorallia,Scleractinia,Pocilloporidae,Madracis
Polycyathus octuplus,286844,Animalia,Cnidaria,Anthozoa,Hexacorallia,Scleractinia,Caryophylliidae,Polycyathus
Pourtalosmilia anthophyllites,135166,Animalia,Cnidaria,Anthozoa,Hexacorallia,Scleractinia,Caryophylliidae,Pourtalosmilia
Anomocora prolifera,286719,Animalia,Cnidaria,Anthozoa,Hexacorallia,Scleractinia,Caryophylliidae,Anomocora
Premocyathus dentiformis,286850,Animalia,Cnidaria,Anthozoa,Hexacorallia,Scleractinia,Caryophylliidae,Premocyathus
Cladopsammia manuelensis,286959,Animalia,Cnidaria,Anthozoa,Hexacorallia,Scleractinia,Dendrophylliidae,Cladopsammia
Tethocyathus cylindraceus,286861,Animalia,Cnidaria,Anthozoa,Hexacorallia,Scleractinia,Caryophylliidae,Tethocyathus
Coenosmilia arbuscula,135150,Animalia,Cnidaria,Anthozoa,Hexacorallia,Scleractinia,Caryophylliidae,Coenosmilia
Tethocyathus recurvatus,286865,Animalia,Cnidaria,Anthozoa,Hexacorallia,Scleractinia,Caryophylliidae,Tethocyathus
Eguchipsammia cornucopia,135188,Animalia,Cnidaria,Anthozoa,Hexacorallia,Scleractinia,Dendrophylliidae,Eguchipsammia
Guynia annulata,135206,Animalia,Cnidaria,Anthozoa,Hexacorallia,Scleractinia,Guyniidae,Guynia
Anomocora fecunda,135130,Animalia,Cnidaria,Anthozoa,Hexacorallia,Scleractinia,Caryophylliidae,Anomocora
Anomocora marchadi,286718,Animalia,Cnidaria,Anthozoa,Hexacorallia,Scleractinia,Caryophylliidae,Anomocora
Dendrophyllia alternata,135184,Animalia,Cnidaria,Anthozoa,Hexacorallia,Scleractinia,Dendrophylliidae,Dendrophyllia
Deltocyathus agassizi,286789,Animalia,Cnidaria,Anthozoa,Hexacorallia,Scleractinia,Deltocyathidae,Deltocyathus
Polycyathus mayae,286842,Animalia,Cnidaria,Anthozoa,Hexacorallia,Scleractinia,Caryophylliidae,Polycyathus
Rhizosmilia maculata,290974,Animalia,Cnidaria,Anthozoa,Hexacorallia,Scleractinia,Caryophylliidae,Rhizosmilia
Deltocyathoides stimpsonii,135215,Animalia,Cnidaria,Anthozoa,Hexacorallia,Scleractinia,Turbinoliidae,Deltocyathoides
Tethocyathus prahli,286864,Animalia,Cnidaria,Anthozoa,Hexacorallia,Scleractinia,Caryophylliidae,Tethocyathus
Trematotrochus corbicula,291231,Animalia,Cnidaria,Anthozoa,Hexacorallia,Scleractinia,Turbinoliidae,Trematotrochus
Conotrochus brunneus,289705,Animalia,Cnidaria,Anthozoa,Hexacorallia,Scleractinia,Caryophylliidae,Conotrochus
Coenocyathus bowersi,286780,Animalia,Cnidaria,Anthozoa,Hexacorallia,Scleractinia,Caryophylliidae,Coenocyathus
Guyniidae,135077,Animalia,Cnidaria,Anthozoa,Hexacorallia,Scleractinia,Guyniidae,
Heterocyathus sulcatus,288865,Animalia,Cnidaria,Anthozoa,Hexacorallia,Scleractinia,Caryophylliidae,Heterocyathus
Cladopsammia echinata,286956,Animalia,Cnidaria,Anthozoa,Hexacorallia,Scleractinia,Dendrophylliidae,Cladopsammia
Javania pseudoalabastra,135199,Animalia,Cnidaria,Anthozoa,Hexacorallia,Scleractinia,Flabellidae,Javania
Dendrophyllia oldroydae,286978,Animalia,Cnidaria,Anthozoa,Hexacorallia,Scleractinia,Dendrophylliidae,Dendrophyllia
Cladocora arbuscula,286778,Animalia,Cnidaria,Anthozoa,Hexacorallia,Scleractinia,Scleractinia incertae sedis,Cladocora
Trochopsammia infundibulum,291246,Animalia,Cnidaria,Anthozoa,Hexacorallia,Scleractinia,Dendrophylliidae,Trochopsammia
Coenocyathus anthophyllites,135148,Animalia,Cnidaria,Anthozoa,Hexacorallia,Scleractinia,Caryophylliidae,Coenocyathus
Coenocyathus brooki,286781,Animalia,Cnidaria,Anthozoa,Hexacorallia,Scleractinia,Caryophylliidae,Coenocyathus
Cladopsammia eguchii,286957,Animalia,Cnidaria,Anthozoa,Hexacorallia,Scleractinia,Dendrophylliidae,Cladopsammia
Bathycyathus chilensis,289499,Animalia,Cnidaria,Anthozoa,Hexacorallia,Scleractinia,Caryophylliidae,Bathycyathus
Anomocora gigas,286716,Animalia,Cnidaria,Anthozoa,Hexacorallia,Scleractinia,Caryophylliidae,Anomocora
Thalamophyllia tenuescens,286869,Animalia,Cnidaria,Anthozoa,Hexacorallia,Scleractinia,Caryophylliidae,Thalamophyllia
Rhizosmilia multipalifera,290975,Animalia,Cnidaria,Anthozoa,Hexacorallia,Scleractinia,Caryophylliidae,Rhizosmilia
Rhizopsammia annae,289175,Animalia,Cnidaria,Anthozoa,Hexacorallia,Scleractinia,Dendrophylliidae,Rhizopsammia
Rhizosmilia robusta,290976,Animalia,Cnidaria,Anthozoa,Hexacorallia,Scleractinia,Caryophylliidae,Rhizosmilia
Tethocyathus virgatus,286866,Animalia,Cnidaria,Anthozoa,Hexacorallia,Scleractinia,Caryophylliidae,Tethocyathus
Tethocyathus endesa,286862,Animalia,Cnidaria,Anthozoa,Hexacorallia,Scleractinia,Caryophylliidae,Tethocyathus
Rhizopsammia verrilli,210737,Animalia,Cnidaria,Anthozoa,Hexacorallia,Scleractinia,Dendrophylliidae,Rhizopsammia
Sympodangia albatrossi,291157,Animalia,Cnidaria,Anthozoa,Hexacorallia,Scleractinia,Caryophylliidae,Sympodangia
Anthemiphyllia macrolobata,289414,Animalia,Cnidaria,Anthozoa,Hexacorallia,Scleractinia,Anthemiphylliidae,Anthemiphyllia
Crispatotrochus cornu,289735,Animalia,Cnidaria,Anthozoa,Hexacorallia,Scleractinia,Caryophylliidae,Crispatotrochus
Conotrochus funicolumna,289706,Animalia,Cnidaria,Anthozoa,Hexacorallia,Scleractinia,Caryophylliidae,Conotrochus
Labyrinthocyathus delicatus,290264,Animalia,Cnidaria,Anthozoa,Hexacorallia,Scleractinia,Caryophylliidae,Labyrinthocyathus
Crispatotrochus curvatus,289736,Animalia,Cnidaria,Anthozoa,Hexacorallia,Scleractinia,Caryophylliidae,Crispatotrochus
Rhizopsammia goesi,289178,Animalia,Cnidaria,Anthozoa,Hexacorallia,Scleractinia,Dendrophylliidae,Rhizopsammia
Crispatotrochus rugosus,289744,Animalia,Cnidaria,Anthozoa,Hexacorallia,Scleractinia,Caryophylliidae,Crispatotrochus
Crispatotrochus rubescens,289743,Animalia,Cnidaria,Anthozoa,Hexacorallia,Scleractinia,Caryophylliidae,Crispatotrochus
Crispatotrochus irregularis,289741,Animalia,Cnidaria,Anthozoa,Hexacorallia,Scleractinia,Caryophylliidae,Crispatotrochus
Lochmaeotrochus gardineri,290316,Animalia,Cnidaria,Anthozoa,Hexacorallia,Scleractinia,Caryophylliidae,Lochmaeotrochus
Deltocyathus ornatus,286800,Animalia,Cnidaria,Anthozoa,Hexacorallia,Scleractinia,Deltocyathidae,Deltocyathus
Bourneotrochus stellulatus,289532,Animalia,Cnidaria,Anthozoa,Hexacorallia,Scleractinia,Caryophylliidae,Bourneotrochus
Crispatotrochus foxi,289737,Animalia,Cnidaria,Anthozoa,Hexacorallia,Scleractinia,Caryophylliidae,Crispatotrochus
Dendrophyllia californica,286965,Animalia,Cnidaria,Anthozoa,Hexacorallia,Scleractinia,Dendrophylliidae,Dendrophyllia
Deltocyathus heteroclitus,286796,Animalia,Cnidaria,Anthozoa,Hexacorallia,Scleractinia,Deltocyathidae,Deltocyathus
Concentrotheca vaughani,286787,Animalia,Cnidaria,Anthozoa,Hexacorallia,Scleractinia,Caryophylliidae,Concentrotheca
Confluphyllia juncta,289700,Animalia,Cnidaria,Anthozoa,Hexacorallia,Scleractinia,Caryophylliidae,Confluphyllia
Conotrochus asymmetros,289704,Animalia,Cnidaria,Anthozoa,Hexacorallia,Scleractinia,Caryophylliidae,Conotrochus
Deltocyathus magnificus,286797,Animalia,Cnidaria,Anthozoa,Hexacorallia,Scleractinia,Deltocyathidae,Deltocyathus
Deltocyathus rotulus,286804,Animalia,Cnidaria,Anthozoa,Hexacorallia,Scleractinia,Deltocyathidae,Deltocyathus
Ceratotrochus laxus,411160,Animalia,Cnidaria,Anthozoa,Hexacorallia,Scleractinia,Caryophylliidae,Ceratotrochus
Crispatotrochus galapagensis,289738,Animalia,Cnidaria,Anthozoa,Hexacorallia,Scleractinia,Caryophylliidae,Crispatotrochus
Coenosmilia inordinata,286786,Animalia,Cnidaria,Anthozoa,Hexacorallia,Scleractinia,Caryophylliidae,Coenosmilia
Dendrophyllia johnsoni,286976,Animalia,Cnidaria,Anthozoa,Hexacorallia,Scleractinia,Dendrophylliidae,Dendrophyllia
Astrangia conferta,287117,Animalia,Cnidaria,Anthozoa,Hexacorallia,Scleractinia,Rhizangiidae,Astrangia
Crispatotrochus septumdentatus,504003,Animalia,Cnidaria,Anthozoa,Hexacorallia,Scleractinia,Caryophylliidae,Crispatotrochus
Cyathelia axillaris,287776,Animalia,Cnidaria,Anthozoa,Hexacorallia,Scleractinia,Oculinidae,Cyathelia
Dactylotrochus cervicornis,289783,Animalia,Cnidaria,Anthozoa,Hexacorallia,Scleractinia,Agariciidae,Dactylotrochus
Deltocyathus parvulus,286801,Animalia,Cnidaria,Anthozoa,Hexacorallia,Scleractinia,Deltocyathidae,Deltocyathus
Deltocyathus taiwanicus,286808,Animalia,Cnidaria,Anthozoa,Hexacorallia,Scleractinia,Deltocyathidae,Deltocyathus
Deltocyathus stella,286806,Animalia,Cnidaria,Anthozoa,Hexacorallia,Scleractinia,Deltocyathidae,Deltocyathus
Deltocyathus suluensis,286807,Animalia,Cnidaria,Anthozoa,Hexacorallia,Scleractinia,Deltocyathidae,Deltocyathus
Dendrophyllia alcocki,286962,Animalia,Cnidaria,Anthozoa,Hexacorallia,Scleractinia,Dendrophylliidae,Dendrophyllia
Dendrophyllia boschmai,346423,Animalia,Cnidaria,Anthozoa,Hexacorallia,Scleractinia,Dendrophylliidae,Dendrophyllia
Dendrophyllia cladonia,286968,Animalia,Cnidaria,Anthozoa,Hexacorallia,Scleractinia,Dendrophylliidae,Dendrophyllia
Dendrophyllia cornigera,135185,Animalia,Cnidaria,Anthozoa,Hexacorallia,Scleractinia,Dendrophylliidae,Dendrophyllia
Dendrophyllia dilatata,286970,Animalia,Cnidaria,Anthozoa,Hexacorallia,Scleractinia,Dendrophylliidae,Dendrophyllia
Dendrophyllia indica,286975,Animalia,Cnidaria,Anthozoa,Hexacorallia,Scleractinia,Dendrophylliidae,Dendrophyllia
Dendrophyllia laboreli,135186,Animalia,Cnidaria,Anthozoa,Hexacorallia,Scleractinia,Dendrophylliidae,Dendrophyllia
Dendrophyllia ramea,135187,Animalia,Cnidaria,Anthozoa,Hexacorallia,Scleractinia,Dendrophylliidae,Dendrophyllia
Deltocyathus varians,286809,Animalia,Cnidaria,Anthozoa,Hexacorallia,Scleractinia,Deltocyathidae,Deltocyathus
Deltocyathus vaughani,286810,Animalia,Cnidaria,Anthozoa,Hexacorallia,Scleractinia,Deltocyathidae,Deltocyathus
Dendrophyllia ijimai,286973,Animalia,Cnidaria,Anthozoa,Hexacorallia,Scleractinia,Dendrophylliidae,Dendrophyllia
Enallopsammia pusilla,286988,Animalia,Cnidaria,Anthozoa,Hexacorallia,Scleractinia,Dendrophylliidae,Enallopsammia
Endopachys bulbosa,289890,Animalia,Cnidaria,Anthozoa,Hexacorallia,Scleractinia,Dendrophylliidae,Endopachys
Gardineria paradoxa,287445,Animalia,Cnidaria,Anthozoa,Hexacorallia,Scleractinia,Gardineriidae,Gardineria
Clavulariidae,125270,Animalia,Cnidaria,Anthozoa,Octocorallia,Alcyonacea,Stolonifera,Clavulariidae
Plakina tanaga,195924,Animalia,Porifera,Homoscleromorpha,Homosclerophorida,Plakinidae,Plakina,Plakina tanaga
Oscarella lobularis,133928,Animalia,Porifera,Homoscleromorpha,Homosclerophorida,Oscarellidae,Oscarella,Oscarella lobularis
Plakina bioxea,169732,Animalia,Porifera,Homoscleromorpha,Homosclerophorida,Plakinidae,Plakina,Plakina bioxea
Dasmosmilia lymani,135152,Animalia,Cnidaria,Anthozoa,Hexacorallia,Scleractinia,Caryophylliidae,Dasmosmilia
Alcyonacea,1365,Animalia,Cnidaria,Anthozoa,Octocorallia,Alcyonacea,,
Alcyoniina,411555,Animalia,Cnidaria,Anthozoa,Octocorallia,Alcyonacea,Alcyoniina,
Nephtheidae,146762,Animalia,Cnidaria,Anthozoa,Octocorallia,Alcyonacea,Alcyoniina,Nephtheidae
Aquaumbridae,701654,Animalia,Cnidaria,Anthozoa,Octocorallia,Alcyonacea,Alcyoniina,Aquaumbridae
Alcyoniidae,125269,Animalia,Cnidaria,Anthozoa,Octocorallia,Alcyonacea,Alcyoniina,Alcyoniidae
Nidaliidae,196169,Animalia,Cnidaria,Anthozoa,Octocorallia,Alcyonacea,Alcyoniina,Nidaliidae
Leiopathes glaberrima,103326,Animalia,Cnidaria,Anthozoa,Hexacorallia,Antipatharia,Leiopathidae,Leiopathes
Pennatulidae,128484,Animalia,Cnidaria,Anthozoa,Octocorallia,Pennatulacea,Subsessiliflorae,Pennatulidae
Kophobelemnidae,128483,Animalia,Cnidaria,Anthozoa,Octocorallia,Pennatulacea,Sessiliflorae,Kophobelemnidae
Calibelemnon symmetricum,288080,Animalia,Cnidaria,Anthozoa,Octocorallia,Pennatulacea,Scleroptilidae,Calibelemnon
Scleroptilum grandiflorum,183413,Animalia,Cnidaria,Anthozoa,Octocorallia,Pennatulacea,Scleroptilidae,Scleroptilum
Stachyptilum superbum,291109,Animalia,Cnidaria,Anthozoa,Octocorallia,Pennatulacea,Stachyptilidae,Stachyptilum
Funiculinidae,128481,Animalia,Cnidaria,Anthozoa,Octocorallia,Pennatulacea,Sessiliflorae,Funiculinidae
Subsessiliflorae,151539,Animalia,Cnidaria,Anthozoa,Octocorallia,Pennatulacea,Subsessiliflorae,
Scleroptilidae,182877,Animalia,Cnidaria,Anthozoa,Octocorallia,Pennatulacea,Scleroptilidae,
Anthoptilidae,128480,Animalia,Cnidaria,Anthozoa,Octocorallia,Pennatulacea,Sessiliflorae,Anthoptilidae
Halipteridae,128482,Animalia,Cnidaria,Anthozoa,Octocorallia,Pennatulacea,Subsessiliflorae,Halipteridae
Protoptilidae,128485,Animalia,Cnidaria,Anthozoa,Octocorallia,Pennatulacea,Sessiliflorae,Protoptilidae
Virgulariidae,128488,Animalia,Cnidaria,Anthozoa,Octocorallia,Pennatulacea,Subsessiliflorae,Virgulariidae
Umbellulidae,128486,Animalia,Cnidaria,Anthozoa,Octocorallia,Pennatulacea,Sessiliflorae,Umbellulidae
Echinoptilum macintoshi,287982,Animalia,Cnidaria,Anthozoa,Octocorallia,Pennatulacea,Echinoptilidae,Echinoptilum
Renilla muelleri,290962,Animalia,Cnidaria,Anthozoa,Octocorallia,Pennatulacea,Renillidae,Renilla
Renilla reniformis,290965,Animalia,Cnidaria,Anthozoa,Octocorallia,Pennatulacea,Renillidae,Renilla
Renillidae,266953,Animalia,Cnidaria,Anthozoa,Octocorallia,Pennatulacea,Renillidae,
Tethyidae,131677,Animalia,Porifera,Demospongiae,Heteroscleromorpha,Tethyida,Tethyidae,
Coralliidae,125280,Animalia,Cnidaria,Anthozoa,Octocorallia,Alcyonacea,Scleraxonia,Coralliidae
Paracyathus pulchellus,135163,Animalia,Cnidaria,Anthozoa,Hexacorallia,Scleractinia,Caryophylliidae,Paracyathus
Tubastraea coccinea,291251,Animalia,Cnidaria,Anthozoa,Hexacorallia,Scleractinia,Dendrophylliidae,Tubastraea
Iophon lamella,167407,Animalia,Porifera,Demospongiae,Heteroscleromorpha,Poecilosclerida,Acarnidae,Iophon
Hexactinellida,22612,Animalia,Porifera,Hexactinellida,,,,
Epiphaxum micropora,289903,Animalia,Cnidaria,Anthozoa,Octocorallia,Helioporacea,Lithotelestidae,Epiphaxum †
Epiphaxum breve,289902,Animalia,Cnidaria,Anthozoa,Octocorallia,Helioporacea,Lithotelestidae,Epiphaxum †
Farrea occa,134391,Animalia,Porifera,Hexactinellida,Hexasterophora,Sceptrulophora,Farreidae,Farrea
Oculina varicosa,287102,Animalia,Cnidaria,Anthozoa,Hexacorallia,Scleractinia,Oculinidae,Oculina
Phyllangia americana,346430,Animalia,Cnidaria,Anthozoa,Hexacorallia,Scleractinia,Caryophylliidae,Phyllangia
Spheciospongia confoederata,170531,Animalia,Porifera,Demospongiae,Heteroscleromorpha,Clionaida,Clionaidae,Spheciospongia
Plexauridae,125277,Animalia,Cnidaria,Anthozoa,Octocorallia,Alcyonacea,Holaxonia,Plexauridae
Calcaxonia,411557,Animalia,Cnidaria,Anthozoa,Octocorallia,Alcyonacea,Calcaxonia,
Chrysogorgiidae,125273,Animalia,Cnidaria,Anthozoa,Octocorallia,Alcyonacea,Calcaxonia,Chrysogorgiidae
Gorgoniidae,125275,Animalia,Cnidaria,Anthozoa,Octocorallia,Alcyonacea,Holaxonia,Gorgoniidae
Keroeididae,196168,Animalia,Cnidaria,Anthozoa,Octocorallia,Alcyonacea,Holaxonia,Keroeididae
Briareidae,266946,Animalia,Cnidaria,Anthozoa,Octocorallia,Alcyonacea,Scleraxonia,Briareidae
Acanthogorgiidae,125272,Animalia,Cnidaria,Anthozoa,Octocorallia,Alcyonacea,Holaxonia,Acanthogorgiidae
Ellisellidae,125274,Animalia,Cnidaria,Anthozoa,Octocorallia,Alcyonacea,Calcaxonia,Ellisellidae
Aphrocallistes vastus,171632,Animalia,Porifera,Hexactinellida,Hexasterophora,Sceptrulophora,Aphrocallistidae,Aphrocallistes
Psilocalyx wilsoni,171808,Animalia,Porifera,Hexactinellida,Hexasterophora,Sceptrulophora,Tretodictyidae,Psilocalyx
Pheronematidae,131685,Animalia,Porifera,Hexactinellida,Amphidiscophora,Amphidiscosida,Pheronematidae,
Semperella schultzei,171595,Animalia,Porifera,Hexactinellida,Amphidiscophora,Amphidiscosida,Pheronematidae,Semperella
Chonelasmatinae,171658,Animalia,Porifera,Hexactinellida,Hexasterophora,Sceptrulophora,Euretidae,Chonelasmatinae
Euretinae,171685,Animalia,Porifera,Hexactinellida,Hexasterophora,Sceptrulophora,Euretidae,Euretinae
Farreidae,131689,Animalia,Porifera,Hexactinellida,Hexasterophora,Sceptrulophora,Farreidae,
Aphrocallistes beatrix,134380,Animalia,Porifera,Hexactinellida,Hexasterophora,Sceptrulophora,Aphrocallistidae,Aphrocallistes
Asceptrulum axialis,171732,Animalia,Porifera,Hexactinellida,Hexasterophora,Sceptrulophora,Farreidae,Asceptrulum
Farrea beringiana,171738,Animalia,Porifera,Hexactinellida,Hexasterophora,Sceptrulophora,Farreidae,Farrea
Poliopogon mendocino,171585,Animalia,Porifera,Hexactinellida,Amphidiscophora,Amphidiscosida,Pheronematidae,Poliopogon
Heterochone tenera,171639,Animalia,Porifera,Hexactinellida,Hexasterophora,Sceptrulophora,Aphrocallistidae,Heterochone
Rossellidae,131694,Animalia,Porifera,Hexactinellida,Hexasterophora,Lyssacinosida,Rossellidae,
Euplectellidae,131692,Animalia,Porifera,Hexactinellida,Hexasterophora,Lyssacinosida,Euplectellidae,
Hexasterophora,131590,Animalia,Porifera,Hexactinellida,Hexasterophora,,,
Tretodictyum montereyense,344896,Animalia,Porifera,Hexactinellida,Hexasterophora,Sceptrulophora,Tretodictyidae,Tretodictyum
Heterochone calyx,171636,Animalia,Porifera,Hexactinellida,Hexasterophora,Sceptrulophora,Aphrocallistidae,Heterochone
Acanthascinae,723592,Animalia,Porifera,Hexactinellida,Hexasterophora,Lyssacinosida,Rossellidae,Acanthascinae
Farrea convolvulus,171739,Animalia,Porifera,Hexactinellida,Hexasterophora,Sceptrulophora,Farreidae,Farrea
Lanuginellinae,171949,Animalia,Porifera,Hexactinellida,Hexasterophora,Lyssacinosida,Rossellidae,Lanuginellinae
Hexactinella ventilabrum,171805,Animalia,Porifera,Hexactinellida,Hexasterophora,Sceptrulophora,Tretodictyidae,Hexactinella
Tretodictyum tubulosum,134397,Animalia,Porifera,Hexactinellida,Hexasterophora,Sceptrulophora,Tretodictyidae,Tretodictyum
Leucopsacidae,131693,Animalia,Porifera,Hexactinellida,Hexasterophora,Lyssacinosida,Leucopsacidae,
Lyssacinosida,171834,Animalia,Porifera,Hexactinellida,Hexasterophora,Lyssacinosida,,
Farrea mexicana,171750,Animalia,Porifera,Hexactinellida,Hexasterophora,Sceptrulophora,Farreidae,Farrea
Bolosominae,171836,Animalia,Porifera,Hexactinellida,Hexasterophora,Lyssacinosida,Euplectellidae,Bolosominae
Euretidae,131688,Animalia,Porifera,Hexactinellida,Hexasterophora,Sceptrulophora,Euretidae,
Corbitellinae,171848,Animalia,Porifera,Hexactinellida,Hexasterophora,Lyssacinosida,Euplectellidae,Corbitellinae
Hexactinosida,171628,Animalia,Porifera,Hexactinellida,Hexasterophora,Hexactinosida,,
Amphidiscosida,160632,Animalia,Porifera,Hexactinellida,Amphidiscophora,Amphidiscosida,,
Amphidiscophora,131607,Animalia,Porifera,Hexactinellida,Amphidiscophora,,,
Heteroscleromorpha,607950,Animalia,Porifera,Demospongiae,Heteroscleromorpha,,,
Astrangia solitaria,287125,Animalia,Cnidaria,Anthozoa,Hexacorallia,Scleractinia,Rhizangiidae,Astrangia
Coelosphaeridae,131650,Animalia,Porifera,Demospongiae,Heteroscleromorpha,Poecilosclerida,Coelosphaeridae,
Hymeniacidon assimilis,132643,Animalia,Porifera,Demospongiae,Heteroscleromorpha,Suberitida,Halichondriidae,Hymeniacidon
Homaxinella amphispicula,766264,Animalia,Porifera,Demospongiae,Heteroscleromorpha,Suberitida,Suberitidae,Homaxinella
Suberites ficus,134285,Animalia,Porifera,Demospongiae,Heteroscleromorpha,Suberitida,Suberitidae,Suberites
Esperiopsis flagrum,233110,Animalia,Porifera,Demospongiae,Heteroscleromorpha,Poecilosclerida,Esperiopsidae,Esperiopsis
Isodictya rigida,168470,Animalia,Porifera,Demospongiae,Heteroscleromorpha,Poecilosclerida,Isodictyidae,Isodictya
Phakellia dalli,132507,Animalia,Porifera,Demospongiae,Heteroscleromorpha,Axinellida,Axinellidae,Phakellia
Crella brunnea,133874,Animalia,Porifera,Demospongiae,Heteroscleromorpha,Poecilosclerida,Myxillidae,Myxilla
Isodictya palmata,133247,Animalia,Porifera,Demospongiae,Heteroscleromorpha,Poecilosclerida,Isodictyidae,Isodictya
Amphilectus digitatus,225695,Animalia,Porifera,Demospongiae,Heteroscleromorpha,Poecilosclerida,Esperiopsidae,Amphilectus
Thorectidae,131627,Animalia,Porifera,Demospongiae,Keratosa,Dictyoceratida,Thorectidae,
Polymastia pachymastia,170652,Animalia,Porifera,Demospongiae,Heteroscleromorpha,Polymastiida,Polymastiidae,Polymastia
Demospongiae,164811,Animalia,Porifera,Demospongiae,,,,
Suberites domuncula,134282,Animalia,Porifera,Demospongiae,Heteroscleromorpha,Suberitida,Suberitidae,Suberites
Geodiidae,131664,Animalia,Porifera,Demospongiae,Heteroscleromorpha,Tetractinellida,Astrophorina,Geodiidae
Polymastia fluegeli,195929,Animalia,Porifera,Demospongiae,Heteroscleromorpha,Polymastiida,Polymastiidae,Polymastia
Ancorinidae,131662,Animalia,Porifera,Demospongiae,Heteroscleromorpha,Tetractinellida,Astrophorina,Ancorinidae
Pachastrellidae,131665,Animalia,Porifera,Demospongiae,Heteroscleromorpha,Tetractinellida,Astrophorina,Pachastrellidae
Weberella bursa,134232,Animalia,Porifera,Demospongiae,Heteroscleromorpha,Polymastiida,Polymastiidae,Weberella
Tentorium semisuberites,134224,Animalia,Porifera,Demospongiae,Heteroscleromorpha,Polymastiida,Polymastiidae,Tentorium
Amphilectus lobatus,168344,Animalia,Porifera,Demospongiae,Heteroscleromorpha,Poecilosclerida,Esperiopsidae,Amphilectus
Pseudosuberites montiniger,134257,Animalia,Porifera,Demospongiae,Heteroscleromorpha,Suberitida,Suberitidae,Pseudosuberites
Megaciella anisochela,233105,Animalia,Porifera,Demospongiae,Heteroscleromorpha,Poecilosclerida,Acarnidae,Megaciella
Polymastia boletiformis,134194,Animalia,Porifera,Demospongiae,Heteroscleromorpha,Polymastiida,Polymastiidae,Polymastia
Stelodoryx oxeata,233108,Animalia,Porifera,Demospongiae,Heteroscleromorpha,Poecilosclerida,Myxillidae,Stelodoryx
Monanchora laminachela,233107,Animalia,Porifera,Demospongiae,Heteroscleromorpha,Poecilosclerida,Crambeidae,Monanchora
Euchelipluma elongata,233109,Animalia,Porifera,Demospongiae,Heteroscleromorpha,Poecilosclerida,Cladorhizidae,Euchelipluma
Latrunculia velera,233125,Animalia,Porifera,Demospongiae,Heteroscleromorpha,Poecilosclerida,Latrunculiidae,Latrunculia
Cladorhiza corona,195927,Animalia,Porifera,Demospongiae,Heteroscleromorpha,Poecilosclerida,Cladorhizidae,Cladorhiza
Discorhabdella urizae,169011,Animalia,Porifera,Demospongiae,Heteroscleromorpha,Poecilosclerida,Crambeidae,Discorhabdella
Semisuberites cribrosa,168379,Animalia,Porifera,Demospongiae,Heteroscleromorpha,Poecilosclerida,Esperiopsidae,Semisuberites
Stylocordyla borealis,134240,Animalia,Porifera,Demospongiae,Heteroscleromorpha,Suberitida,Stylocordylidae,Stylocordyla
Cornulum clathriata,167374,Animalia,Porifera,Demospongiae,Heteroscleromorpha,Poecilosclerida,Acarnidae,Cornulum
Monanchora alaskensis,169015,Animalia,Porifera,Demospongiae,Heteroscleromorpha,Poecilosclerida,Crambeidae,Monanchora
Vulcanellidae,597265,Animalia,Porifera,Demospongiae,Heteroscleromorpha,Tetractinellida,Astrophorina,Vulcanellidae
Cladorhiza pteron,255099,Animalia,Porifera,Demospongiae,Heteroscleromorpha,Poecilosclerida,Cladorhizidae,Cladorhiza
Phorbas paucistylifer,169346,Animalia,Porifera,Demospongiae,Heteroscleromorpha,Poecilosclerida,Hymedesmiidae,Phorbas
Poecilosclerida,131599,Animalia,Porifera,Demospongiae,Heteroscleromorpha,Poecilosclerida,,
Haplosclerida,131598,Animalia,Porifera,Demospongiae,Heteroscleromorpha,Haplosclerida,,
Crambeidae,131651,Animalia,Porifera,Demospongiae,Heteroscleromorpha,Poecilosclerida,Crambeidae,
Tetractinellida,597812,Animalia,Porifera,Demospongiae,Heteroscleromorpha,Tetractinellida,,
Esperiopsidae,168337,Animalia,Porifera,Demospongiae,Heteroscleromorpha,Poecilosclerida,Esperiopsidae,
Microcionidae,131641,Animalia,Porifera,Demospongiae,Heteroscleromorpha,Poecilosclerida,Microcionidae,
Aaptos kanuux,370514,Animalia,Porifera,Demospongiae,Heteroscleromorpha,Suberitida,Suberitidae,Aaptos
Desmacellidae,131645,Animalia,Porifera,Demospongiae,Heteroscleromorpha,Desmacellida,Desmacellidae,
Cladorhizidae,131644,Animalia,Porifera,Demospongiae,Heteroscleromorpha,Poecilosclerida,Cladorhizidae,
Polymastiidae,131673,Animalia,Porifera,Demospongiae,Heteroscleromorpha,Polymastiida,Polymastiidae,
Xestospongia edapha,196370,Animalia,Porifera,Demospongiae,Heteroscleromorpha,Haplosclerida,Petrosiidae,Xestospongia
Xestospongia diprosopia,166886,Animalia,Porifera,Demospongiae,Heteroscleromorpha,Haplosclerida,Petrosiidae,Xestospongia
Guitarra abbotti,168399,Animalia,Porifera,Demospongiae,Heteroscleromorpha,Poecilosclerida,Guitarridae,Guitarra
Hymeniacidon sinapium,165916,Animalia,Porifera,Demospongiae,Heteroscleromorpha,Suberitida,Halichondriidae,Hymeniacidon
Iophon nigricans,132971,Animalia,Porifera,Demospongiae,Heteroscleromorpha,Poecilosclerida,Acarnidae,Iophon
Melonanchora globogilva,225433,Animalia,Porifera,Demospongiae,Heteroscleromorpha,Poecilosclerida,Myxillidae,Melonanchora
Topsentia fernaldi,165948,Animalia,Porifera,Demospongiae,Heteroscleromorpha,Suberitida,Halichondriidae,Topsentia
Monaxonida,815806,Animalia,Porifera,Demospongiae,Monaxonida,,,
Acarnus erithacus,167343,Animalia,Porifera,Demospongiae,Heteroscleromorpha,Poecilosclerida,Acarnidae,Acarnus
Aplysilla polyraphis,164864,Animalia,Porifera,Demospongiae,Keratosa,Dendroceratida,Darwinellidae,Aplysilla
Neopetrosia vanilla,166819,Animalia,Porifera,Demospongiae,Heteroscleromorpha,Haplosclerida,Petrosiidae,Neopetrosia
Niphates lunisimilis,166779,Animalia,Porifera,Demospongiae,Heteroscleromorpha,Haplosclerida,Niphatidae,Niphates
Monanchora pulchra,169022,Animalia,Porifera,Demospongiae,Heteroscleromorpha,Poecilosclerida,Crambeidae,Monanchora
Crellidae,131652,Animalia,Porifera,Demospongiae,Heteroscleromorpha,Poecilosclerida,Crellidae,
Halichondriidae,131633,Animalia,Porifera,Demospongiae,Heteroscleromorpha,Suberitida,Halichondriidae,
Mycalidae,131649,Animalia,Porifera,Demospongiae,Heteroscleromorpha,Poecilosclerida,Mycalidae,
Rhizaxinella gadus,170824,Animalia,Porifera,Demospongiae,Heteroscleromorpha,Suberitida,Suberitidae,Rhizaxinella
Tethya californiana,170942,Animalia,Porifera,Demospongiae,Heteroscleromorpha,Tethyida,Tethyidae,Tethya
Chalinidae,131636,Animalia,Porifera,Demospongiae,Heteroscleromorpha,Haplosclerida,Chalinidae,
Desmacididae,131654,Animalia,Porifera,Demospongiae,Heteroscleromorpha,Poecilosclerida,Desmacididae,
Myxillidae,131658,Animalia,Porifera,Demospongiae,Heteroscleromorpha,Poecilosclerida,Myxillidae,
Iophon ostiamagna,234212,Animalia,Porifera,Demospongiae,Heteroscleromorpha,Poecilosclerida,Acarnidae,Iophon
Phakellia lamelligera,165586,Animalia,Porifera,Demospongiae,Heteroscleromorpha,Axinellida,Axinellidae,Phakellia
Keratosa,366651,Animalia,Porifera,Demospongiae,Keratosa,,,
Lophelia pertusa,135161,Animalia,Cnidaria,Anthozoa,Hexacorallia,Scleractinia,Caryophylliidae,Lophelia
Oculina virgosa,287103,Animalia,Cnidaria,Anthozoa,Hexacorallia,Scleractinia,Oculinidae,Oculina
Deltocyathus calcar,286791,Animalia,Cnidaria,Anthozoa,Hexacorallia,Scleractinia,Deltocyathidae,Deltocyathus
Desmophyllum dianthus,135159,Animalia,Cnidaria,Anthozoa,Hexacorallia,Scleractinia,Caryophylliidae,Desmophyllum
Antipathes dendrochristos,283893,Animalia,Cnidaria,Anthozoa,Hexacorallia,Antipatharia,Antipathidae,Antipathes
Guancha blanca,132283,Animalia,Porifera,Calcarea,Calcinea,Clathrinida,Clathrinidae,Guancha
Calcarea,559,Animalia,Porifera,Calcarea,,,,
Leucosolenida,131591,Animalia,Porifera,Calcarea,Calcaronea,Leucosolenida,,
Leucilla nuttingi,164219,Animalia,Porifera,Calcarea,Calcaronea,Leucosolenida,Amphoriscidae,Leucilla
Leucandra poculiformis,164364,Animalia,Porifera,Calcarea,Calcaronea,Leucosolenida,Grantiidae,Leucandra
Leucandra heathi,164324,Animalia,Porifera,Calcarea,Calcaronea,Leucosolenida,Grantiidae,Leucandra
Leucandra losangelensis,164341,Animalia,Porifera,Calcarea,Calcaronea,Leucosolenida,Grantiidae,Leucandra
Sycon escanabense,164576,Animalia,Porifera,Calcarea,Calcaronea,Leucosolenida,Sycettidae,Sycon
Paragorgiidae,125281,Animalia,Cnidaria,Anthozoa,Octocorallia,Alcyonacea,Scleraxonia,Paragorgiidae
Iophon cheliferum,167394,Animalia,Porifera,Demospongiae,Heteroscleromorpha,Poecilosclerida,Acarnidae,Iophon
Dendropathes bacotaylorae,289796,Animalia,Cnidaria,Anthozoa,Hexacorallia,Antipatharia,Schizopathidae,Dendropathes
Bathypathes conferta,589657,Animalia,Cnidaria,Anthozoa,Hexacorallia,Antipatharia,Schizopathidae,Bathypathes
Antipathidae,103301,Animalia,Cnidaria,Anthozoa,Hexacorallia,Antipatharia,Antipathidae,
Antipatharia,22549,Animalia,Cnidaria,Anthozoa,Hexacorallia,Antipatharia,,
Leiopathes annosa,888633,Animalia,Cnidaria,Anthozoa,Hexacorallia,Antipatharia,Leiopathidae,Leiopathes
Antipathes galapagensis,283898,Animalia,Cnidaria,Anthozoa,Hexacorallia,Antipatharia,Antipathidae,Antipathes
Lillipathes lillei,290291,Animalia,Cnidaria,Anthozoa,Hexacorallia,Antipatharia,Schizopathidae,Lillipathes
Stauropathes staurocrada,291113,Animalia,Cnidaria,Anthozoa,Hexacorallia,Antipatharia,Schizopathidae,Stauropathes
Bathypathes alternata,103319,Animalia,Cnidaria,Anthozoa,Hexacorallia,Antipatharia,Schizopathidae,Bathypathes
Bathypathes patula,103323,Animalia,Cnidaria,Anthozoa,Hexacorallia,Antipatharia,Schizopathidae,Bathypathes
Dendropathes intermedia,589903,Animalia,Cnidaria,Anthozoa,Hexacorallia,Antipatharia,Schizopathidae,Dendropathes
Stauropathes arctica,291111,Animalia,Cnidaria,Anthozoa,Hexacorallia,Antipatharia,Schizopathidae,Stauropathes
Leiopathes acanthophora,283949,Animalia,Cnidaria,Anthozoa,Hexacorallia,Antipatharia,Leiopathidae,Leiopathes
Myriopathes ulex,290441,Animalia,Cnidaria,Anthozoa,Hexacorallia,Antipatharia,Myriopathidae,Myriopathes
Myriopathes antrocrada,290432,Animalia,Cnidaria,Anthozoa,Hexacorallia,Antipatharia,Myriopathidae,Myriopathes
Myriopathidae,266963,Animalia,Cnidaria,Anthozoa,Hexacorallia,Antipatharia,Myriopathidae,
Stauropathes punctata,291112,Animalia,Cnidaria,Anthozoa,Hexacorallia,Antipatharia,Schizopathidae,Stauropathes
Taxipathes recta,291188,Animalia,Cnidaria,Anthozoa,Hexacorallia,Antipatharia,Schizopathidae,Taxipathes
Pteropathes fragilis,290943,Animalia,Cnidaria,Anthozoa,Hexacorallia,Antipatharia,Antipathidae,Pteropathes
Schizopathes amplispina,283957,Animalia,Cnidaria,Anthozoa,Hexacorallia,Antipatharia,Schizopathidae,Schizopathes
Parantipathes helicosticha,283952,Animalia,Cnidaria,Anthozoa,Hexacorallia,Antipatharia,Schizopathidae,Parantipathes
Schizopathes crassa,103329,Animalia,Cnidaria,Anthozoa,Hexacorallia,Antipatharia,Schizopathidae,Schizopathes
Antipathes atlantica,283882,Animalia,Cnidaria,Anthozoa,Hexacorallia,Antipatharia,Antipathidae,Antipathes
Parantipathes hirondelle,472932,Animalia,Cnidaria,Anthozoa,Hexacorallia,Antipatharia,Schizopathidae,Parantipathes
Antipathes furcata,103312,Animalia,Cnidaria,Anthozoa,Hexacorallia,Antipatharia,Antipathidae,Antipathes
Tanacetipathes tanacetum,291180,Animalia,Cnidaria,Anthozoa,Hexacorallia,Antipatharia,Myriopathidae,Tanacetipathes
Tanacetipathes thamnea,291182,Animalia,Cnidaria,Anthozoa,Hexacorallia,Antipatharia,Myriopathidae,Tanacetipathes
Stylopathes adinocrada,291149,Animalia,Cnidaria,Anthozoa,Hexacorallia,Antipatharia,Stylopathidae,Stylopathes
Plumapathes fernandezi,290830,Animalia,Cnidaria,Anthozoa,Hexacorallia,Antipatharia,Myriopathidae,Plumapathes
Plumapathes pennacea,290831,Animalia,Cnidaria,Anthozoa,Hexacorallia,Antipatharia,Myriopathidae,Plumapathes
Tanacetipathes hirta,291175,Animalia,Cnidaria,Anthozoa,Hexacorallia,Antipatharia,Myriopathidae,Tanacetipathes
Stylopathes tenuispina,589751,Animalia,Cnidaria,Anthozoa,Hexacorallia,Antipatharia,Stylopathidae,Stylopathes
Schizopathidae,266964,Animalia,Cnidaria,Anthozoa,Hexacorallia,Antipatharia,Schizopathidae,
Tanacetipathes squamosa,291179,Animalia,Cnidaria,Anthozoa,Hexacorallia,Antipatharia,Myriopathidae,Tanacetipathes
Tanacetipathes spinescens,291178,Animalia,Cnidaria,Anthozoa,Hexacorallia,Antipatharia,Myriopathidae,Tanacetipathes
Umbellapathes helioanthes,291268,Animalia,Cnidaria,Anthozoa,Hexacorallia,Antipatharia,Schizopathidae,Umbellapathes
Myriopathes japonica,290434,Animalia,Cnidaria,Anthozoa,Hexacorallia,Antipatharia,Myriopathidae,Myriopathes
Bathypathes bifida,283943,Animalia,Cnidaria,Anthozoa,Hexacorallia,Antipatharia,Schizopathidae,Bathypathes
Bathypathes bayeri,283942,Animalia,Cnidaria,Anthozoa,Hexacorallia,Antipatharia,Schizopathidae,Bathypathes
Antipathes densa,283894,Animalia,Cnidaria,Anthozoa,Hexacorallia,Antipatharia,Antipathidae,Antipathes
Antipathes chamaemorus,283886,Animalia,Cnidaria,Anthozoa,Hexacorallia,Antipatharia,Antipathidae,Antipathes
Lillipathes ritamariae,722946,Animalia,Cnidaria,Anthozoa,Hexacorallia,Antipatharia,Schizopathidae,Lillipathes
Antipathes minor,283912,Animalia,Cnidaria,Anthozoa,Hexacorallia,Antipatharia,Antipathidae,Antipathes
Leiopathes valdiviae,589775,Animalia,Cnidaria,Anthozoa,Hexacorallia,Antipatharia,Leiopathidae,Leiopathes
Antipathes pauroclema,283914,Animalia,Cnidaria,Anthozoa,Hexacorallia,Antipatharia,Antipathidae,Antipathes
Antipathes grandis,283903,Animalia,Cnidaria,Anthozoa,Hexacorallia,Antipatharia,Antipathidae,Antipathes
Antipathella wollastoni,289448,Animalia,Cnidaria,Anthozoa,Hexacorallia,Antipatharia,Myriopathidae,Antipathella
Antipathes contorta,283889,Animalia,Cnidaria,Anthozoa,Hexacorallia,Antipatharia,Antipathidae,Antipathes
Antipathes assimilis,283881,Animalia,Cnidaria,Anthozoa,Hexacorallia,Antipatharia,Antipathidae,Antipathes
Antipathes flabellum,283896,Animalia,Cnidaria,Anthozoa,Hexacorallia,Antipatharia,Antipathidae,Antipathes
Antipathes plana,283915,Animalia,Cnidaria,Anthozoa,Hexacorallia,Antipatharia,Antipathidae,Antipathes
Antipathes dichotoma,103309,Animalia,Cnidaria,Anthozoa,Hexacorallia,Antipatharia,Antipathidae,Antipathes
Antipathes sarothrum,283923,Animalia,Cnidaria,Anthozoa,Hexacorallia,Antipatharia,Antipathidae,Antipathes
Antipathes sibogae,283925,Animalia,Cnidaria,Anthozoa,Hexacorallia,Antipatharia,Antipathidae,Antipathes
Antipathes lenta,283909,Animalia,Cnidaria,Anthozoa,Hexacorallia,Antipatharia,Antipathidae,Antipathes
Aphanipathidae,266960,Animalia,Cnidaria,Anthozoa,Hexacorallia,Antipatharia,Aphanipathidae,
Antipathes speciosa,283928,Animalia,Cnidaria,Anthozoa,Hexacorallia,Antipatharia,Antipathidae,Antipathes
Dendrobathypathes fragilis,289788,Animalia,Cnidaria,Anthozoa,Hexacorallia,Antipatharia,Schizopathidae,Dendrobathypathes
Dendrobathypathes grandis,289789,Animalia,Cnidaria,Anthozoa,Hexacorallia,Antipatharia,Schizopathidae,Dendrobathypathes
Cupressopathes abies,289759,Animalia,Cnidaria,Anthozoa,Hexacorallia,Antipatharia,Myriopathidae,Cupressopathes
Dendrobathypathes isocrada,289790,Animalia,Cnidaria,Anthozoa,Hexacorallia,Antipatharia,Schizopathidae,Dendrobathypathes
Leiopathes bullosa,283950,Animalia,Cnidaria,Anthozoa,Hexacorallia,Antipatharia,Leiopathidae,Leiopathes
Antipathes griggi,689198,Animalia,Cnidaria,Anthozoa,Hexacorallia,Antipatharia,Antipathidae,Antipathes
Umbellapathes bipinnata,291267,Animalia,Cnidaria,Anthozoa,Hexacorallia,Antipatharia,Schizopathidae,Umbellapathes
Schizopathes affinis,283956,Animalia,Cnidaria,Anthozoa,Hexacorallia,Antipatharia,Schizopathidae,Schizopathes
Parantipathes tetrasticha,283954,Animalia,Cnidaria,Anthozoa,Hexacorallia,Antipatharia,Schizopathidae,Parantipathes
Stylopathes litocrada,291152,Animalia,Cnidaria,Anthozoa,Hexacorallia,Antipatharia,Stylopathidae,Stylopathes
Allopathes desbonni,289391,Animalia,Cnidaria,Anthozoa,Hexacorallia,Antipatharia,Antipathidae,Allopathes
Antipathes caribbeana,283884,Animalia,Cnidaria,Anthozoa,Hexacorallia,Antipatharia,Antipathidae,Antipathes
Tanacetipathes barbadensis,291173,Animalia,Cnidaria,Anthozoa,Hexacorallia,Antipatharia,Myriopathidae,Tanacetipathes
Abyssopathes lyra,289303,Animalia,Cnidaria,Anthozoa,Hexacorallia,Antipatharia,Schizopathidae,Abyssopathes
Cirrhipathes spiralis,287837,Animalia,Cnidaria,Anthozoa,Hexacorallia,Antipatharia,Antipathidae,Cirrhipathes
Abyssopathes lyriformis,289304,Animalia,Cnidaria,Anthozoa,Hexacorallia,Antipatharia,Schizopathidae,Abyssopathes
Stylopathes columnaris,291151,Animalia,Cnidaria,Anthozoa,Hexacorallia,Antipatharia,Stylopathidae,Stylopathes
Stylopathes americana,291150,Animalia,Cnidaria,Anthozoa,Hexacorallia,Antipatharia,Stylopathidae,Stylopathes
Allopathes denhartogi,289390,Animalia,Cnidaria,Anthozoa,Hexacorallia,Antipatharia,Antipathidae,Allopathes
Dendrobathypathes boutillieri,289787,Animalia,Cnidaria,Anthozoa,Hexacorallia,Antipatharia,Schizopathidae,Dendrobathypathes
Antipathes lentipinna,283910,Animalia,Cnidaria,Anthozoa,Hexacorallia,Antipatharia,Antipathidae,Antipathes
Bathypathes seculata,283948,Animalia,Cnidaria,Anthozoa,Hexacorallia,Antipatharia,Schizopathidae,Bathypathes
Lillipathes wingi,290293,Animalia,Cnidaria,Anthozoa,Hexacorallia,Antipatharia,Schizopathidae,Lillipathes
Tylopathes crispa,291261,Animalia,Cnidaria,Anthozoa,Hexacorallia,Antipatharia,Stylopathidae,Tylopathes
Cupressopathes cylindrica,723661,Animalia,Cnidaria,Anthozoa,Hexacorallia,Antipatharia,Myriopathidae,Cupressopathes
Cupressopathes gracilis,289760,Animalia,Cnidaria,Anthozoa,Hexacorallia,Antipatharia,Myriopathidae,Cupressopathes
Myriopathes panamensis,290437,Animalia,Cnidaria,Anthozoa,Hexacorallia,Antipatharia,Myriopathidae,Myriopathes
Isididae,125276,Animalia,Cnidaria,Anthozoa,Octocorallia,Alcyonacea,Calcaxonia,Isididae
Madrepora carolina,287092,Animalia,Cnidaria,Anthozoa,Hexacorallia,Scleractinia,Oculinidae,Madrepora
Solenosmilia australis,736240,Animalia,Cnidaria,Anthozoa,Hexacorallia,Scleractinia,Caryophylliidae,Solenosmilia
Pheronema annae,171558,Animalia,Porifera,Hexactinellida,Amphidiscophora,Amphidiscosida,Pheronematidae,Pheronema
Phorbas amaranthus,169306,Animalia,Porifera,Demospongiae,Heteroscleromorpha,Poecilosclerida,Hymedesmiidae,Phorbas
Podospongia india,168724,Animalia,Porifera,Demospongiae,Heteroscleromorpha,Poecilosclerida,Podospongiidae,Podospongia
Polymastia bartletti,134193,Animalia,Porifera,Demospongiae,Heteroscleromorpha,Polymastiida,Polymastiidae,Polymastia
Rhabderemia mona,168184,Animalia,Porifera,Demospongiae,Heteroscleromorpha,Biemnida,Rhabderemiidae,Rhabderemia
Hydroidolina,19494,Animalia,Cnidaria,Hydrozoa,Hydroidolina,,,
Ridleia dendyi,170679,Animalia,Porifera,Demospongiae,Heteroscleromorpha,Polymastiida,Polymastiidae,Ridleia
Dendrophyllia velata,286982,Animalia,Cnidaria,Anthozoa,Hexacorallia,Scleractinia,Dendrophylliidae,Dendrophyllia
Sycandra utriculus,132242,Animalia,Porifera,Calcarea,Calcaronea,Leucosolenida,Grantiidae,Sycandra
Sycon barbadense,164562,Animalia,Porifera,Calcarea,Calcaronea,Leucosolenida,Sycettidae,Sycon
Topsentia ophiraphidites,165956,Animalia,Porifera,Demospongiae,Heteroscleromorpha,Suberitida,Halichondriidae,Topsentia
Tretodictyidae,131690,Animalia,Porifera,Hexactinellida,Hexasterophora,Sceptrulophora,Tretodictyidae,
Vetulina stalactites,171268,Animalia,Porifera,Demospongiae,Heteroscleromorpha,Sphaerocladina,Vetulinidae,Vetulina
Clathrina cancellata,132273,Animalia,Porifera,Calcarea,Calcinea,Clathrinida,Clathrinidae,Clathrina
Vosmaeropsis cyathus,164468,Animalia,Porifera,Calcarea,Calcaronea,Leucosolenida,Heteropiidae,Vosmaeropsis
Xestospongia rampa,166899,Animalia,Porifera,Demospongiae,Heteroscleromorpha,Haplosclerida,Petrosiidae,Xestospongia
Cyrtaulon sigsbeei,171796,Animalia,Porifera,Hexactinellida,Hexasterophora,Sceptrulophora,Sceptrulophora incertae sedis,Cyrtaulon
Farrea herdendorfi,171744,Animalia,Porifera,Hexactinellida,Hexasterophora,Sceptrulophora,Farreidae,Farrea
Auletta tuberosa,165454,Animalia,Porifera,Demospongiae,Heteroscleromorpha,Axinellida,Axinellidae,Auletta
Scleraxonia,125268,Animalia,Cnidaria,Anthozoa,Octocorallia,Alcyonacea,Scleraxonia,
Lipastrotethya rhaphoxea,165685,Animalia,Porifera,Demospongiae,Heteroscleromorpha,Bubarida,Dictyonellidae,Lipastrotethya
Leucetta floridana,174278,Animalia,Porifera,Calcarea,Calcinea,Clathrinida,Leucettidae,Leucetta
Lychnocystis superstes,171822,Animalia,Porifera,Hexactinellida,Hexasterophora,Lychniscosida,Aulocystidae,Lychnocystis
Dactylocalyx pumiceus,171652,Animalia,Porifera,Hexactinellida,Hexasterophora,Hexasterophora incertae sedis,Dactylocalycidae,Dactylocalyx
Myliusia seriata,171670,Animalia,Porifera,Hexactinellida,Hexasterophora,Hexasterophora incertae sedis,Myliusia,Myliusia seriata
Myrmekioderma rea,166023,Animalia,Porifera,Demospongiae,Heteroscleromorpha,Axinellida,Heteroxyidae,Myrmekioderma
Leucandra barbata,164281,Animalia,Porifera,Calcarea,Calcaronea,Leucosolenida,Grantiidae,Leucandra
Gelliodes leucosolenia,166729,Animalia,Porifera,Demospongiae,Heteroscleromorpha,Haplosclerida,Niphatidae,Gelliodes
Calyx podatypa,166934,Animalia,Porifera,Demospongiae,Heteroscleromorpha,Haplosclerida,Phloeodictyidae,Calyx
Neopetrosia proxima,378581,Animalia,Porifera,Demospongiae,Heteroscleromorpha,Haplosclerida,Petrosiidae,Neopetrosia
Neofibularia nolitangere,168323,Animalia,Porifera,Demospongiae,Heteroscleromorpha,Biemnida,Biemnidae,Neofibularia
Hexactinella carolinensis,344897,Animalia,Porifera,Hexactinellida,Hexasterophora,Sceptrulophora,Tretodictyidae,Hexactinella
Halicometes thyris,170915,Animalia,Porifera,Demospongiae,Heteroscleromorpha,Tethyida,Tethyidae,Halicometes
Nucleotethya bifida,170919,Animalia,Porifera,Demospongiae,Heteroscleromorpha,Tethyida,Tethyidae,Nucleotethya
Euplectellinae,171888,Animalia,Porifera,Hexactinellida,Hexasterophora,Lyssacinosida,Euplectellidae,Euplectellinae
Leucandra aspera,164278,Animalia,Porifera,Calcarea,Calcaronea,Leucosolenida,Grantiidae,Leucandra
Leuconia usa,164172,Animalia,Porifera,Calcarea,Calcaronea,Baerida,Baeriidae,Leuconia
Agelas oroides,132454,Animalia,Porifera,Demospongiae,Heteroscleromorpha,Agelasida,Agelasidae,Agelas
Aiolochroia crassa,169632,Animalia,Porifera,Demospongiae,Verongimorpha,Verongiida,Aplysinidae,Aiolochroia
Oculina diffusa,287097,Animalia,Cnidaria,Anthozoa,Hexacorallia,Scleractinia,Oculinidae,Oculina
Agelas schmidtii,164842,Animalia,Porifera,Demospongiae,Heteroscleromorpha,Agelasida,Agelasidae,Agelas
Cornulum johnsoni,167376,Animalia,Porifera,Demospongiae,Heteroscleromorpha,Poecilosclerida,Acarnidae,Cornulum
Hyalonematidae,131684,Animalia,Porifera,Hexactinellida,Amphidiscophora,Amphidiscosida,Hyalonematidae,
Aphroceras ensata,132172,Animalia,Porifera,Calcarea,Calcaronea,Leucosolenida,Grantiidae,Aphroceras
Claviscopulia facunda,171736,Animalia,Porifera,Hexactinellida,Hexasterophora,Sceptrulophora,Farreidae,Claviscopulia
Arthuria canariensis,742242,Animalia,Porifera,Calcarea,Calcinea,Clathrinida,Clathrinidae,Arthuria
Telopathes magnus,740051,Animalia,Cnidaria,Anthozoa,Hexacorallia,Antipatharia,Schizopathidae,Telopathes
Ircinia dickinsoni,165016,Animalia,Porifera,Demospongiae,Keratosa,Dictyoceratida,Irciniidae,Ircinia
Iphiteon panicea,171656,Animalia,Porifera,Hexactinellida,Hexasterophora,Hexasterophora incertae sedis,Dactylocalycidae,Iphiteon
Clathrina coriacea,132277,Animalia,Porifera,Calcarea,Calcinea,Clathrinida,Clathrinidae,Clathrina
Cladopathidae,266961,Animalia,Cnidaria,Anthozoa,Hexacorallia,Antipatharia,Cladopathidae,
Placotrochides minuta,287041,Animalia,Cnidaria,Anthozoa,Hexacorallia,Scleractinia,Flabellidae,Placotrochides
Octocorallia,1341,Animalia,Cnidaria,Anthozoa,Octocorallia,,,
Leiopathes secunda,283951,Animalia,Cnidaria,Anthozoa,Hexacorallia,Antipatharia,Leiopathidae,Leiopathes
Acanthella cubensis,165655,Animalia,Porifera,Demospongiae,Heteroscleromorpha,Bubarida,Dictyonellidae,Acanthella
Acanthella mastophora,132457,Animalia,Porifera,Demospongiae,Heteroscleromorpha,Bubarida,Dictyonellidae,Acanthella
Auletta sycinularia,132463,Animalia,Porifera,Demospongiae,Heteroscleromorpha,Axinellida,Axinellidae,Auletta
Dysideidae,131624,Animalia,Porifera,Demospongiae,Keratosa,Dictyoceratida,Dysideidae,
Aaptos aaptos,134241,Animalia,Porifera,Demospongiae,Heteroscleromorpha,Suberitida,Suberitidae,Aaptos
Antipathes simplex,283926,Animalia,Cnidaria,Anthozoa,Hexacorallia,Antipatharia,Antipathidae,Antipathes
Acanthella vaceleti,165669,Animalia,Porifera,Demospongiae,Heteroscleromorpha,Bubarida,Dictyonellidae,Acanthella
Aaptos pernucleata,170741,Animalia,Porifera,Demospongiae,Heteroscleromorpha,Suberitida,Suberitidae,Aaptos
Truncatoflabellum martensii,287059,Animalia,Cnidaria,Anthozoa,Hexacorallia,Scleractinia,Flabellidae,Truncatoflabellum
Scleroplegma lanterna,171832,Animalia,Porifera,Hexactinellida,Hexasterophora,Lychniscosida,Diapleuridae,Scleroplegma
Parantipathes euantha,472933,Animalia,Cnidaria,Anthozoa,Hexacorallia,Antipatharia,Schizopathidae,Parantipathes
Radiella sol,170677,Animalia,Porifera,Demospongiae,Heteroscleromorpha,Polymastiida,Polymastiidae,Radiella
Alternatipathes alternata,994319,Animalia,Cnidaria,Anthozoa,Hexacorallia,Antipatharia,Schizopathidae,Alternatipathes
Cliona varians,170485,Animalia,Porifera,Demospongiae,Heteroscleromorpha,Clionaida,Clionaidae,Cliona
Amphimedon compressa,166666,Animalia,Porifera,Demospongiae,Heteroscleromorpha,Haplosclerida,Niphatidae,Amphimedon
Aplysina fistularis,169648,Animalia,Porifera,Demospongiae,Verongimorpha,Verongiida,Aplysinidae,Aplysina
Gardineria simplex,287447,Animalia,Cnidaria,Anthozoa,Hexacorallia,Scleractinia,Gardineriidae,Gardineria
Cladorhiza bathycrinoides,133190,Animalia,Porifera,Demospongiae,Heteroscleromorpha,Poecilosclerida,Cladorhizidae,Cladorhiza
Aphrocallistidae,131686,Animalia,Porifera,Hexactinellida,Hexasterophora,Sceptrulophora,Aphrocallistidae,
Oculina profunda,287098,Animalia,Cnidaria,Anthozoa,Hexacorallia,Scleractinia,Oculinidae,Oculina
Diplastrella bistellata,134317,Animalia,Porifera,Demospongiae,Heteroscleromorpha,Clionaida,Spirastrellidae,Diplastrella
Terpios lobiceps,170896,Animalia,Porifera,Demospongiae,Heteroscleromorpha,Suberitida,Suberitidae,Terpios
Desmacella vagabunda,133221,Animalia,Porifera,Demospongiae,Heteroscleromorpha,Desmacellida,Desmacellidae,Desmacella
Dactylocalyx subglobosus,171653,Animalia,Porifera,Hexactinellida,Hexasterophora,Hexasterophora incertae sedis,Dactylocalycidae,Dactylocalyx
Halicnemia verticillata,182743,Animalia,Porifera,Demospongiae,Heteroscleromorpha,Axinellida,Stelligeridae,Halicnemia
Guitarra fimbriata,133226,Animalia,Porifera,Demospongiae,Heteroscleromorpha,Poecilosclerida,Guitarridae,Guitarra
Phakellia ventilabrum,132511,Animalia,Porifera,Demospongiae,Heteroscleromorpha,Axinellida,Axinellidae,Phakellia
Myliusia conica,171668,Animalia,Porifera,Hexactinellida,Hexasterophora,Hexasterophora incertae sedis,Myliusia,Myliusia conica
Haliclona hebes,166388,Animalia,Porifera,Demospongiae,Heteroscleromorpha,Haplosclerida,Chalinidae,Haliclona
Aplysinidae,131660,Animalia,Porifera,Demospongiae,Verongimorpha,Verongiida,Aplysinidae,
Agelas conifera,164824,Animalia,Porifera,Demospongiae,Heteroscleromorpha,Agelasida,Agelasidae,Agelas
Oceanapia peltata,166984,Animalia,Porifera,Demospongiae,Heteroscleromorpha,Haplosclerida,Phloeodictyidae,Oceanapia
Siphonodictyon densum,596682,Animalia,Porifera,Demospongiae,Heteroscleromorpha,Haplosclerida,Phloeodictyidae,Siphonodictyon
Phakellia folium,165581,Animalia,Porifera,Demospongiae,Heteroscleromorpha,Axinellida,Axinellidae,Phakellia
Topsentia profunditatis,165959,Animalia,Porifera,Demospongiae,Heteroscleromorpha,Suberitida,Halichondriidae,Topsentia
Truncatoflabellum paripavoninum,287062,Animalia,Cnidaria,Anthozoa,Hexacorallia,Scleractinia,Flabellidae,Truncatoflabellum
Truncatoflabellum incrustatum,287056,Animalia,Cnidaria,Anthozoa,Hexacorallia,Scleractinia,Flabellidae,Truncatoflabellum
Truncatoflabellum formosum,287053,Animalia,Cnidaria,Anthozoa,Hexacorallia,Scleractinia,Flabellidae,Truncatoflabellum
Truncatoflabellum carinatum,287049,Animalia,Cnidaria,Anthozoa,Hexacorallia,Scleractinia,Flabellidae,Truncatoflabellum
Truncatoflabellum candeanum,287048,Animalia,Cnidaria,Anthozoa,Hexacorallia,Scleractinia,Flabellidae,Truncatoflabellum
Heteropsammia cochlea,207501,Animalia,Cnidaria,Anthozoa,Hexacorallia,Scleractinia,Dendrophylliidae,Heteropsammia
Culicia stellata,288363,Animalia,Cnidaria,Anthozoa,Hexacorallia,Scleractinia,Rhizangiidae,Culicia
Notocyathus venustus,290498,Animalia,Cnidaria,Anthozoa,Hexacorallia,Scleractinia,Turbinoliidae,Notocyathus
Notocyathus conicus,290497,Animalia,Cnidaria,Anthozoa,Hexacorallia,Scleractinia,Turbinoliidae,Notocyathus
Tropidocyathus lessonii,291249,Animalia,Cnidaria,Anthozoa,Hexacorallia,Scleractinia,Turbinoliidae,Tropidocyathus
Cyathotrochus pileus,289767,Animalia,Cnidaria,Anthozoa,Hexacorallia,Scleractinia,Turbinoliidae,Cyathotrochus
Endocyathopora laticostata,289889,Animalia,Cnidaria,Anthozoa,Hexacorallia,Scleractinia,Turbinoliidae,Endocyathopora
Thrypticotrochus petterdi,291221,Animalia,Cnidaria,Anthozoa,Hexacorallia,Scleractinia,Turbinoliidae,Thrypticotrochus
Idiotrochus kikutii,290181,Animalia,Cnidaria,Anthozoa,Hexacorallia,Scleractinia,Turbinoliidae,Idiotrochus
Truncatoflabellum cumingii,287051,Animalia,Cnidaria,Anthozoa,Hexacorallia,Scleractinia,Flabellidae,Truncatoflabellum
Truncatoflabellum pusillum,287064,Animalia,Cnidaria,Anthozoa,Hexacorallia,Scleractinia,Flabellidae,Truncatoflabellum
Placotrochus laevis,288824,Animalia,Cnidaria,Anthozoa,Hexacorallia,Scleractinia,Flabellidae,Placotrochus
Placotrochides scaphula,287042,Animalia,Cnidaria,Anthozoa,Hexacorallia,Scleractinia,Flabellidae,Placotrochides
Rhizotrochus typus,216159,Animalia,Cnidaria,Anthozoa,Hexacorallia,Scleractinia,Flabellidae,Rhizotrochus
Gardineria philippinensis,287446,Animalia,Cnidaria,Anthozoa,Hexacorallia,Scleractinia,Gardineriidae,Gardineria
Aulocyathus matricidus,286721,Animalia,Cnidaria,Anthozoa,Hexacorallia,Scleractinia,Caryophylliidae,Aulocyathus
Rhizosmilia sagamiensis,290977,Animalia,Cnidaria,Anthozoa,Hexacorallia,Scleractinia,Caryophylliidae,Rhizosmilia
Oculinidae,135078,Animalia,Cnidaria,Anthozoa,Hexacorallia,Scleractinia,Oculinidae,
Rhizotrochus levidensis,288450,Animalia,Cnidaria,Anthozoa,Hexacorallia,Scleractinia,Flabellidae,Rhizotrochus
Alatotrochus rubescens,289389,Animalia,Cnidaria,Anthozoa,Hexacorallia,Scleractinia,Turbinoliidae,Alatotrochus
Aplysina lacunosa,169656,Animalia,Porifera,Demospongiae,Verongimorpha,Verongiida,Aplysinidae,Aplysina
Truncatoflabellum aculeatum,287043,Animalia,Cnidaria,Anthozoa,Hexacorallia,Scleractinia,Flabellidae,Truncatoflabellum
Truncatoflabellum spheniscus,287065,Animalia,Cnidaria,Anthozoa,Hexacorallia,Scleractinia,Flabellidae,Truncatoflabellum
Truncatoflabellum gardineri,287054,Animalia,Cnidaria,Anthozoa,Hexacorallia,Scleractinia,Flabellidae,Truncatoflabellum
Truncatoflabellum stabile,135202,Animalia,Cnidaria,Anthozoa,Hexacorallia,Scleractinia,Flabellidae,Truncatoflabellum
Truncatoflabellum phoenix,287063,Animalia,Cnidaria,Anthozoa,Hexacorallia,Scleractinia,Flabellidae,Truncatoflabellum
Truncatoflabellum crassum,287050,Animalia,Cnidaria,Anthozoa,Hexacorallia,Scleractinia,Flabellidae,Truncatoflabellum
Dendrophyllia florulenta,286971,Animalia,Cnidaria,Anthozoa,Hexacorallia,Scleractinia,Dendrophylliidae,Dendrophyllia
Eguchipsammia wellsi,286987,Animalia,Cnidaria,Anthozoa,Hexacorallia,Scleractinia,Dendrophylliidae,Eguchipsammia
Madracis asanoi,287104,Animalia,Cnidaria,Anthozoa,Hexacorallia,Scleractinia,Pocilloporidae,Madracis
Ericiocyathus echinatus,289911,Animalia,Cnidaria,Anthozoa,Hexacorallia,Scleractinia,Caryophylliidae,Ericiocyathus
Deltocyathus philippinensis,286802,Animalia,Cnidaria,Anthozoa,Hexacorallia,Scleractinia,Deltocyathidae,Deltocyathus
Rhizosmilia elata,290972,Animalia,Cnidaria,Anthozoa,Hexacorallia,Scleractinia,Caryophylliidae,Rhizosmilia
Tropidocyathus labidus,291248,Animalia,Cnidaria,Anthozoa,Hexacorallia,Scleractinia,Turbinoliidae,Tropidocyathus
Truncatoflabellum mortenseni,287060,Animalia,Cnidaria,Anthozoa,Hexacorallia,Scleractinia,Flabellidae,Truncatoflabellum
Truncatoflabellum angustum,287045,Animalia,Cnidaria,Anthozoa,Hexacorallia,Scleractinia,Flabellidae,Truncatoflabellum
Truncatoflabellum dens,287052,Animalia,Cnidaria,Anthozoa,Hexacorallia,Scleractinia,Flabellidae,Truncatoflabellum
Myriopathes myriophylla,290436,Animalia,Cnidaria,Anthozoa,Hexacorallia,Antipatharia,Myriopathidae,Myriopathes
Leptopsammia stokesiana,286994,Animalia,Cnidaria,Anthozoa,Hexacorallia,Scleractinia,Dendrophylliidae,Leptopsammia
Antipathella subpinnata,289447,Animalia,Cnidaria,Anthozoa,Hexacorallia,Antipatharia,Myriopathidae,Antipathella
Arachnopathes ericoides,289451,Animalia,Cnidaria,Anthozoa,Hexacorallia,Antipatharia,Antipathidae,Arachnopathes
Anthemiphyllia patera,346422,Animalia,Cnidaria,Anthozoa,Hexacorallia,Scleractinia,Anthemiphylliidae,Anthemiphyllia
Axinella corrugata,165472,Animalia,Porifera,Demospongiae,Heteroscleromorpha,Axinellida,Axinellidae,Axinella
Axinella shoemakeri,165509,Animalia,Porifera,Demospongiae,Heteroscleromorpha,Axinellida,Axinellidae,Axinella
Axinella waltonsmithi,165525,Animalia,Porifera,Demospongiae,Heteroscleromorpha,Axinellida,Axinellidae,Axinella
Dictyonellidae,131632,Animalia,Porifera,Demospongiae,Heteroscleromorpha,Bubarida,Dictyonellidae,
Acarnidae,167333,Animalia,Porifera,Demospongiae,Heteroscleromorpha,Poecilosclerida,Acarnidae,
Calthropellidae,170035,Animalia,Porifera,Demospongiae,Heteroscleromorpha,Tetractinellida,Astrophorina,Calthropellidae
Clathrinidae,131619,Animalia,Porifera,Calcarea,Calcinea,Clathrinida,Clathrinidae,
Siphonidiidae,131681,Animalia,Porifera,Demospongiae,Heteroscleromorpha,Tetractinellida,Spirophorina,Siphonidiidae
Niphatidae,131637,Animalia,Porifera,Demospongiae,Heteroscleromorpha,Haplosclerida,Niphatidae,
Hymedesmiidae,131655,Animalia,Porifera,Demospongiae,Heteroscleromorpha,Poecilosclerida,Hymedesmiidae,
Plakinidae,131661,Animalia,Porifera,Homoscleromorpha,Homosclerophorida,Plakinidae,,
Chondrilla nucula,134110,Animalia,Porifera,Demospongiae,Verongimorpha,Chondrillida,Chondrillidae,Chondrilla
Chondrosia reniformis,134112,Animalia,Porifera,Demospongiae,Verongimorpha,Chondrosiida,Chondrosiidae,Chondrosia
Cliona schmidtii,134139,Animalia,Porifera,Demospongiae,Heteroscleromorpha,Clionaida,Clionaidae,Cliona
Ciocalypta gibbsi,165765,Animalia,Porifera,Demospongiae,Heteroscleromorpha,Suberitida,Halichondriidae,Ciocalypta
Cliona caribbaea,170432,Animalia,Porifera,Demospongiae,Heteroscleromorpha,Clionaida,Clionaidae,Cliona
Cliona celata,134121,Animalia,Porifera,Demospongiae,Heteroscleromorpha,Clionaida,Clionaidae,Cliona
Cliona delitrix,170437,Animalia,Porifera,Demospongiae,Heteroscleromorpha,Clionaida,Clionaidae,Cliona
Antipathes grandiflora,283902,Animalia,Cnidaria,Anthozoa,Hexacorallia,Antipatharia,Antipathidae,Antipathes
Pione vastifica,157411,Animalia,Porifera,Demospongiae,Heteroscleromorpha,Clionaida,Clionaidae,Pione
Desmacella annexa,133206,Animalia,Porifera,Demospongiae,Heteroscleromorpha,Desmacellida,Desmacellidae,Desmacella
Desmacella pumilio,133218,Animalia,Porifera,Demospongiae,Heteroscleromorpha,Desmacellida,Desmacellidae,Desmacella
Desmapsamma anchorata,169121,Animalia,Porifera,Demospongiae,Heteroscleromorpha,Poecilosclerida,Desmacididae,Desmapsamma
Dysidea fragilis,132324,Animalia,Porifera,Demospongiae,Keratosa,Dictyoceratida,Dysideidae,Dysidea
Euryspongia rosea,164985,Animalia,Porifera,Demospongiae,Keratosa,Dictyoceratida,Dysideidae,Euryspongia
Chalinula molitba,166293,Animalia,Porifera,Demospongiae,Heteroscleromorpha,Haplosclerida,Chalinidae,Chalinula
Amphimedon viridis,166701,Animalia,Porifera,Demospongiae,Heteroscleromorpha,Haplosclerida,Niphatidae,Amphimedon
Higginsia strigilata,132544,Animalia,Porifera,Demospongiae,Heteroscleromorpha,Axinellida,Stelligeridae,Higginsia
Hippospongia lachne,165108,Animalia,Porifera,Demospongiae,Keratosa,Dictyoceratida,Spongiidae,Hippospongia
Hyattella intestinalis,132378,Animalia,Porifera,Demospongiae,Keratosa,Dictyoceratida,Spongiidae,Hyattella
Igernella notabilis,164900,Animalia,Porifera,Demospongiae,Keratosa,Dendroceratida,Dictyodendrillidae,Igernella
Spirastrellidae,131674,Animalia,Porifera,Demospongiae,Heteroscleromorpha,Clionaida,Spirastrellidae,
Iotrochota birotulata,169379,Animalia,Porifera,Demospongiae,Heteroscleromorpha,Poecilosclerida,Iotrochotidae,Iotrochota
Ircinia campana,165009,Animalia,Porifera,Demospongiae,Keratosa,Dictyoceratida,Irciniidae,Ircinia
Ircinia felix,165020,Animalia,Porifera,Demospongiae,Keratosa,Dictyoceratida,Irciniidae,Ircinia
Ircinia strobilina,165051,Animalia,Porifera,Demospongiae,Keratosa,Dictyoceratida,Irciniidae,Ircinia
Hymeniacidon caerulea,165882,Animalia,Porifera,Demospongiae,Heteroscleromorpha,Suberitida,Halichondriidae,Hymeniacidon
Madracis auretenra,430664,Animalia,Cnidaria,Anthozoa,Hexacorallia,Scleractinia,Pocilloporidae,Madracis
Merlia normani,168482,Animalia,Porifera,Demospongiae,Heteroscleromorpha,Merliida,Merliidae,Merlia
Monanchora arbuscula,169016,Animalia,Porifera,Demospongiae,Heteroscleromorpha,Poecilosclerida,Crambeidae,Monanchora
Niphates erecta,166776,Animalia,Porifera,Demospongiae,Heteroscleromorpha,Haplosclerida,Niphatidae,Niphates
Oculina implicata,869581,Animalia,Cnidaria,Anthozoa,Hexacorallia,Scleractinia,Oculinidae,Oculina
Neopetrosia carbonaria,166799,Animalia,Porifera,Demospongiae,Heteroscleromorpha,Haplosclerida,Petrosiidae,Neopetrosia
Suberites massa,134296,Animalia,Porifera,Demospongiae,Heteroscleromorpha,Suberitida,Suberitidae,Suberites
Placospongia carinata,170611,Animalia,Porifera,Demospongiae,Heteroscleromorpha,Clionaida,Placospongiidae,Placospongia
Dragmacidon reticulatum,165558,Animalia,Porifera,Demospongiae,Heteroscleromorpha,Axinellida,Axinellidae,Dragmacidon
Pseudotrachya hystrix,134261,Animalia,Porifera,Demospongiae,Heteroscleromorpha,Polymastiida,Polymastiidae,Pseudotrachya
Scolopes megastra,170409,Animalia,Porifera,Demospongiae,Heteroscleromorpha,Clionaida,Clionaidae,Scolopes
Scopalina ruetzleri,165702,Animalia,Porifera,Demospongiae,Heteroscleromorpha,Scopalinida,Scopalinidae,Scopalina
Siphonodictyon siphonum,596692,Animalia,Porifera,Demospongiae,Heteroscleromorpha,Haplosclerida,Phloeodictyidae,Siphonodictyon
Spheciospongia vesparium,170566,Animalia,Porifera,Demospongiae,Heteroscleromorpha,Clionaida,Clionaidae,Spheciospongia
Spirastrella coccinea,170705,Animalia,Porifera,Demospongiae,Heteroscleromorpha,Clionaida,Spirastrellidae,Spirastrella
Spirastrella cunctatrix,134235,Animalia,Porifera,Demospongiae,Heteroscleromorpha,Clionaida,Spirastrellidae,Spirastrella
Spongosorites siliquaria,165937,Animalia,Porifera,Demospongiae,Heteroscleromorpha,Suberitida,Halichondriidae,Spongosorites
Stylocordyla longissima,170725,Animalia,Porifera,Demospongiae,Heteroscleromorpha,Suberitida,Stylocordylidae,Stylocordyla
Terpios fugax,134307,Animalia,Porifera,Demospongiae,Heteroscleromorpha,Suberitida,Suberitidae,Terpios
Suberites aurantiacus,170835,Animalia,Porifera,Demospongiae,Heteroscleromorpha,Suberitida,Suberitidae,Suberites
Tethya actinia,170932,Animalia,Porifera,Demospongiae,Heteroscleromorpha,Tethyida,Tethyidae,Tethya
Tectitethya crypta,170927,Animalia,Porifera,Demospongiae,Heteroscleromorpha,Tethyida,Tethyidae,Tectitethya
Tethya seychellensis,170991,Animalia,Porifera,Demospongiae,Heteroscleromorpha,Tethyida,Tethyidae,Tethya
Timea mixta,134328,Animalia,Porifera,Demospongiae,Heteroscleromorpha,Tethyida,Timeidae,Timea
Biemna caribea,168252,Animalia,Porifera,Demospongiae,Heteroscleromorpha,Biemnida,Biemnidae,Biemna
Plakortis halichondrioides,169763,Animalia,Porifera,Homoscleromorpha,Homosclerophorida,Plakinidae,Plakortis,Plakortis halichondrioides
Xestospongia muta,166894,Animalia,Porifera,Demospongiae,Heteroscleromorpha,Haplosclerida,Petrosiidae,Xestospongia
Neopetrosia subtriangularis,166814,Animalia,Porifera,Demospongiae,Heteroscleromorpha,Haplosclerida,Petrosiidae,Neopetrosia
Strongylacidon griseum,168799,Animalia,Porifera,Demospongiae,Heteroscleromorpha,Poecilosclerida,Chondropsidae,Strongylacidon
Melithaeidae,196230,Animalia,Cnidaria,Anthozoa,Octocorallia,Alcyonacea,Scleraxonia,Melithaeidae
Raspailiidae,131642,Animalia,Porifera,Demospongiae,Heteroscleromorpha,Axinellida,Raspailiidae,
Dictyoceratida,131595,Animalia,Porifera,Demospongiae,Keratosa,Dictyoceratida,,
Petrosiidae,131638,Animalia,Porifera,Demospongiae,Heteroscleromorpha,Haplosclerida,Petrosiidae,
Corallistidae,131679,Animalia,Porifera,Demospongiae,Heteroscleromorpha,Tetractinellida,Astrophorina,Corallistidae
Sclerothamnopsis compressa,171810,Animalia,Porifera,Hexactinellida,Hexasterophora,Sceptrulophora,Tretodictyidae,Sclerothamnopsis
Farrea truncata,747394,Animalia,Porifera,Hexactinellida,Hexasterophora,Sceptrulophora,Farreidae,Farrea
Flabellidae,135075,Animalia,Cnidaria,Anthozoa,Hexacorallia,Scleractinia,Flabellidae,
Paramuriceidae,151540,Animalia,Cnidaria,Anthozoa,Octocorallia,Alcyonacea,Paramuriceidae,
Verongiida,845402,Animalia,Porifera,Demospongiae,Verongimorpha,Verongiida,,
Rossellinae,171965,Animalia,Porifera,Hexactinellida,Hexasterophora,Lyssacinosida,Rossellidae,Rossellinae
Stichopathes japonica,283968,Animalia,Cnidaria,Anthozoa,Hexacorallia,Antipatharia,Antipathidae,Stichopathes
Cladorhiza caillieti,759951,Animalia,Porifera,Demospongiae,Heteroscleromorpha,Poecilosclerida,Cladorhizidae,Cladorhiza
Cladorhiza evae,759953,Animalia,Porifera,Demospongiae,Heteroscleromorpha,Poecilosclerida,Cladorhizidae,Cladorhiza
Lollipocladia tiburoni,344755,Animalia,Porifera,Demospongiae,Heteroscleromorpha,Poecilosclerida,Cladorhizidae,Lollipocladia
Theneidae,131666,Animalia,Porifera,Demospongiae,Heteroscleromorpha,Tetractinellida,Astrophorina,Theneidae
Fungiidae,196100,Animalia,Cnidaria,Anthozoa,Hexacorallia,Scleractinia,Fungiidae,
Antipathes tristis,411113,Animalia,Cnidaria,Anthozoa,Hexacorallia,Antipatharia,Antipathidae,Antipathes
Thalamophyllia riisei,286868,Animalia,Cnidaria,Anthozoa,Hexacorallia,Scleractinia,Caryophylliidae,Thalamophyllia
